{"completed": true, "subtasks": {"subtask_0": {"obj_name": "pointRobot-vel-v7", "target_state_pos_2d": [-2.1451126971108057, -0.15567076845765193, 0.0], "completed": true, "num_hypotheses": 1, "hypotheses": {"hypothesis_1": {"edges": {"edge_0": {"status": "edge:completed", "verb": "identify"}, "edge_1": {"status": "edge:completed", "verb": "driving", "controller_type": "MPPI", "final_pose_error": null, "avg_pred_error": 0.0, "max_pred_error": 0.0, "min_pred_error": 0.0, "pred_error": [0.0, 9.436912427951627e-13, 2.4038520624940845e-13, 8.451092339179376e-13, 7.238741303188767e-13, 3.4916710045621733e-13, 3.2874601748960947e-14, 4.529709940470639e-14, 1.0327342077508656e-13, 1.3880896084195435e-14, 1.8795259352275094e-13, 1.6136090063256037e-13, 3.7314065681925976e-14, 9.565974336450906e-15, 1.7298186821224178e-13, 1.7454739824977914e-13, 6.377220014062871e-13, 5.659979698734716e-13, 5.018404567109033e-14, 1.031243611533398e-13, 1.2840400052012303e-13, 1.7594816736001942e-12, 5.005665544175734e-14, 2.1539471207137552e-13, 2.5868348950298696e-13, 2.1541760083527534e-14, 1.1575426123565287e-13, 8.846328399557699e-13, 3.770484771359462e-13, 1.8586459816226119e-13, 9.587923065166526e-13, 1.967760541635823e-12, 5.844296677224721e-13, 4.1500516831425343e-13, 1.756819664464402e-12, 2.0471501066083613e-15, 3.66205343881779e-15, 6.185765773753899e-14, 5.6934459919946654e-12, 2.4462221902695467e-14, 1.5769857335148088e-14, 7.597171061026291e-14, 2.664538959841221e-13, 1.2051478296288879e-12, 2.609027887349017e-13, 3.115620424828074e-12, 6.051840371689796e-13, 1.7094104487005133e-12, 3.090940656928616e-13, 6.090709416893273e-13, 3.275233191136917e-13, 1.7275298585159795e-13, 3.3545393392293757e-12, 3.1394891715759888e-12, 1.5521489662409975e-13, 2.2561305349953887e-13, 2.2171865400495732e-13, 4.600841371756581e-13, 3.912549434964374e-13, 9.32603861714756e-15, 2.214616665262381e-14, 4.571932924393969e-13, 3.788104387867044e-13, 2.820015655383061e-14, 2.5229818234606682e-14, 4.693192381924748e-13, 2.709035180444179e-13, 1.8163570212502423e-12, 9.23077860791357e-13]}}, "num_edges": 2, "completed": true, "search_time": 0.5714225769042969, "execute_time": 4.76517128944397, "total_time": 5.336593866348267, "avg_pred_error": 0.0}}, "search_time": 0.5714225769042969, "execute_time": 4.76517128944397, "total_time": 5.336593866348267}, "subtask_1": {"obj_name": "pointRobot-vel-v7", "target_state_pos_2d": [-4.606000931715069, -2.580146438920613, 0.0], "completed": true, "num_hypotheses": 1, "hypotheses": {"hypothesis_1": {"edges": {"edge_0": {"status": "edge:completed", "verb": "identify"}, "edge_1": {"status": "edge:completed", "verb": "driving", "controller_type": "MPC_2th_order", "final_pose_error": null, "avg_pred_error": 0.0, "max_pred_error": 0.0, "min_pred_error": 0.0, "pred_error": [0.0, 4.964925310468147e-13, 3.179039834920709e-14, 3.4197752733040075e-14, 2.932334201094587e-14, 3.286935219177208e-14, 2.5772483042890763e-14, 2.4917520667504473e-14, 2.6646277760795913e-14, 2.2560125243064487e-13, 1.8545167530202523e-12, 1.5534253414761563e-12, 2.670449884045373e-14, 2.576100224209408e-14, 2.489376518041578e-14, 1.4455112137134512e-12, 1.20614647789987e-12, 3.159360005028647e-14, 2.5765786530786475e-14, 2.620502657878619e-14, 1.0209645704318819e-12, 9.31255496602657e-13, 2.770846217324862e-14, 3.8760619112617605e-14, 1.990855939712967e-12, 1.5711906996827024e-12, 3.090171719775512e-14, 3.379749385324339e-14, 2.810421643370507e-14, 1.4481817224005671e-12, 1.2336849404513258e-12, 3.065502492813422e-14, 3.286560199469759e-14, 2.6660151455011122e-14, 1.0169646784074078e-12, 9.445844305003346e-13, 1.4144266431365579e-12, 1.2247993289143372e-12, 2.670449884045373e-14, 3.0962286980612954e-14, 2.8261664256307952e-14, 9.978720119837042e-13, 9.334793219542584e-13, 2.9915927145472825e-14, 2.864289338439558e-14, 2.150728628155562e-12, 1.691092644069306e-12, 3.398660884039281e-14, 7.740495310411784e-13, 2.0348185040991916e-12, 2.0907724244433476e-12, 3.474128933974886e-14, 3.553823728406967e-14, 3.0757786665920847e-14, 1.8522980107558753e-12, 1.138200991384253e-12, 1.4894818301147327e-12, 1.6897678467235367e-12, 3.7974171942835164e-14, 4.032173515190666e-14, 3.379749385324339e-14, 1.280764367991463e-12, 1.1701966402110476e-12, 3.6015059952881496e-14, 1.8212204617911e-12]}}, "num_edges": 2, "completed": true, "search_time": 0.62107253074646, "execute_time": 4.164987087249756, "total_time": 4.786059617996216, "avg_pred_error": 0.0}}, "search_time": 0.62107253074646, "execute_time": 4.164987087249756, "total_time": 4.786059617996216}, "subtask_2": {"obj_name": "pointRobot-vel-v7", "target_state_pos_2d": [-0.9501279111792915, -1.8723523428926037, 0.0], "completed": true, "num_hypotheses": 1, "hypotheses": {"hypothesis_1": {"edges": {"edge_0": {"status": "edge:completed", "verb": "identify"}, "edge_1": {"status": "edge:completed", "verb": "driving", "controller_type": "MPC_2th_order", "final_pose_error": null, "avg_pred_error": 0.0, "max_pred_error": 0.0, "min_pred_error": 0.0, "pred_error": [0.0, 1.4538752152592232e-12, 3.0905833448002795e-14, 3.1058935581065e-14, 3.1087037695835796e-14, 3.125593314707257e-14, 3.170080441436032e-14, 3.186417447193105e-14, 7.621127246411256e-13, 1.5883405701799802e-12, 1.5469847983674624e-12, 3.2307490016592055e-14, 3.275233191136917e-14, 3.2766817726307897e-14, 1.5661919395742858e-12, 8.768543205616153e-13, 1.180944236512464e-12, 1.2996270773683192e-12, 6.625811103977597e-13, 2.1871404856412421e-13, 5.129338511234609e-14, 6.45458879844291e-15, 2.0471501066083613e-15, 4.231974449219393e-15, 3.1791949213824896e-15, 4.668220486087868e-15, 2.5989654674417885e-15, 2.288783399261119e-15, 2.234280737922546e-15, 8.005932084973442e-16, 1.2947314098277875e-15, 1.4217791915866692e-15, 1.1102230246251565e-15, 1.6653345369377348e-15, 9.42055475210265e-16]}}, "num_edges": 2, "completed": true, "search_time": 1.1067748069763184, "execute_time": 2.2161927223205566, "total_time": 3.322967529296875, "avg_pred_error": 0.0}}, "search_time": 1.1067748069763184, "execute_time": 2.2161927223205566, "total_time": 3.322967529296875}}, "total_time": 13.445621013641357, "execute_time": 11.146351099014282, "search_time": 2.299269914627075, "hypothesis_success_ratio": 1.0, "total_avg_prediction_error": 0.0}