{"completed": true, "subtasks": {"subtask_0": {"obj_name": "pointRobot-vel-v7", "target_state_pos_2d": [2.7596244169154396, 4.966751819555296, 0.0], "completed": true, "num_hypotheses": 1, "hypotheses": {"hypothesis_1": {"edges": {"edge_0": {"status": "edge:completed", "verb": "identify"}, "edge_1": {"status": "edge:completed", "verb": "driving", "controller_type": "MPPI", "final_pose_error": null, "avg_pred_error": 0.0, "max_pred_error": 0.0, "min_pred_error": 0.0, "pred_error": [0.0, 7.709393799230525e-13, 1.5409947413447753e-12, 3.820199830714189e-14, 4.531668734049962e-14, 5.7902148899581444e-15, 5.4930801582266845e-15, 3.233018248352212e-15, 5.7902148899581444e-15, 1.1234667099445444e-14, 2.2160229562470582e-13, 7.398527568902673e-13, 2.1583877773248522e-13, 4.019127570390728e-13, 5.163671038754328e-14, 1.6967927527500602e-13, 1.6719958750854857e-12, 3.2018856975551503e-12, 1.4437373679383427e-12, 8.881784197001252e-16, 2.7012892057857038e-15, 1.2658490090568386e-13, 2.2559775569908735e-13, 8.094614678146035e-14, 2.0028374130340297e-14, 2.5314993693988084e-13, 1.4228635609163246e-12, 3.794299872214038e-15, 4.2056092262089043e-13, 1.0348803246997578e-13, 7.283604593613868e-14, 1.1453064165919452e-12, 1.5418783121757629e-12, 3.598218949277525e-14, 4.360223367652899e-14, 2.211925392456506e-13, 2.1272614832766665e-13, 1.290917759688582e-14, 3.135298127383133e-13, 2.3039363614891533e-12, 5.302516288659607e-13, 3.3342225269142205e-12, 4.058997242319091e-13, 1.3669072371715694e-12, 8.366716142400323e-13, 5.98277009881097e-12, 1.2704755092859298e-13, 1.3757909523602588e-12, 3.709922215946981e-12, 2.9247749075343547e-12, 3.116544544127953e-14, 1.8207657603852567e-14, 3.099745865906603e-13, 2.1850813780841604e-13, 1.787027340729766e-13, 1.2807582086789323e-12, 7.994005447598484e-13, 4.223745992244952e-13, 1.1723955140041653e-13, 8.926263818475993e-13, 3.3671451857645557e-13, 4.969747168317193e-13, 2.6302680735598556e-14, 1.2625484352804345e-12, 8.483963763750301e-14, 2.5592025448560046e-13, 2.5802958891370284e-13, 1.6344654953626144e-13, 1.447976005980902e-13, 4.3172872049807506e-13]}}, "num_edges": 2, "completed": true, "search_time": 0.5482673645019531, "execute_time": 4.801799774169922, "total_time": 5.350067138671875, "avg_pred_error": 0.0}}, "search_time": 0.5482673645019531, "execute_time": 4.801799774169922, "total_time": 5.350067138671875}, "subtask_1": {"obj_name": "pointRobot-vel-v7", "target_state_pos_2d": [3.753691625297492, 3.950123138741218, 0.0], "completed": true, "num_hypotheses": 1, "hypotheses": {"hypothesis_1": {"edges": {"edge_0": {"status": "edge:completed", "verb": "identify"}, "edge_1": {"status": "edge:completed", "verb": "driving", "controller_type": "MPPI", "final_pose_error": null, "avg_pred_error": 0.0, "max_pred_error": 0.0, "min_pred_error": 0.0, "pred_error": [0.0, 5.919750810929226e-13, 4.281242027559529e-12, 1.9630965530648064e-12, 1.2205872720020256e-12, 4.113376689795019e-12, 3.954638725093173e-14, 3.256721491115951e-14, 1.509903313490213e-13, 3.598218949277525e-14, 1.4657207427710444e-12, 3.406210558839718e-13, 8.220121264086933e-13, 6.910028105266974e-13, 1.5483170938292073e-12, 1.2332377347131572e-12, 7.57016672873491e-12, 6.141793910310127e-13, 2.800267713099312e-13, 3.943634706178278e-13, 2.76778657042073e-12, 1.0177493854581537e-13, 8.986184665087735e-13, 1.844969958490845e-12, 7.622791287076325e-13, 1.803488874332022e-14, 5.876854827014445e-12, 5.410466622996066e-14, 8.415509274467243e-13, 5.476900210979654e-14, 1.4358520558258142e-12, 4.696377773846695e-13, 4.359512954366173e-12, 9.15934102973738e-13, 2.7622357777294837e-12, 1.4488478530847458e-13, 2.0051787224286184e-12, 7.308733089871155e-13, 1.0316361768334135e-13, 7.495120901742479e-13, 5.276779929407948e-12, 1.396771657877714e-12, 1.4622753526432248e-12, 2.929377309575521e-13, 1.564639577418533e-12, 2.0202728867194544e-12, 3.1874781461609116e-13, 1.6163737625572193e-12, 9.149455720864755e-13, 3.7733709230647635e-12, 1.0897080767173556e-13, 8.300658472712549e-13, 3.7210244433383e-12, 3.5593731123230897e-14, 1.3250511798901243e-12, 2.0330990179199286e-12, 6.485103927329283e-13, 1.6260365230179244e-12, 1.0103127125641621e-13, 1.0005052342165754e-12, 4.215072735291869e-12, 6.406511054227719e-13, 2.6644217064367185e-13, 1.5007197531152734e-12, 8.461797952069247e-13, 8.282180925592689e-12, 1.3328239248066407e-12, 2.919886554764162e-14, 9.073857127150953e-13, 3.5830506330306843e-12, 1.5869543448096944e-12, 1.5438237566396224e-12, 2.5762975868836267e-14, 4.141021073860897e-12, 9.30317211491372e-14, 1.148858785882112e-12, 4.729272549997493e-12, 6.862471634003096e-14, 1.6850993741304926e-12, 2.438828373759865e-12, 3.735012299443952e-12, 1.7484902978780195e-12, 5.178082091179038e-13, 5.794477388542598e-12, 9.289791158550997e-12, 6.164957577394744e-12, 6.268097545720356e-12, 1.4306566690462242e-13, 1.8476032569691158e-13, 4.8836495455056105e-12, 2.2516417807279335e-13, 1.9653172497565217e-12, 1.1384230359215872e-12, 5.666135638118046e-12, 5.204755852611105e-13, 4.947153797729698e-13, 6.230585857953756e-13, 6.1828320400861125e-12, 4.788836179738446e-12, 4.201086272375492e-13, 2.052581528946786e-12, 3.040053385554282e-13, 3.959117572459079e-13, 8.109146796541897e-13, 5.591971400967123e-12, 5.6484935435621965e-14, 2.649174530906188e-13, 1.4059864383852982e-12, 3.9702469489875833e-13, 6.382894460354635e-12, 9.274137279717226e-12, 6.286372569702845e-14, 2.9958259413085284e-12, 4.67627835785401e-13, 2.3192569613646617e-12, 2.044740276336181e-14, 1.1217707505386816e-12, 3.740341607231536e-12, 3.175315487452555e-13, 9.326824978039635e-14, 1.685764102949298e-12, 4.5163959974844874e-13, 1.402438224653273e-12, 4.2401641477382095e-12, 6.08410159184097e-13, 1.112887648489443e-12, 4.4404480314974575e-12, 2.304929954542369e-13, 2.1511710662141627e-12, 1.513902461230605e-12, 1.7719382072726972e-13, 4.1213009987738884e-13, 8.291175280654658e-13, 1.0502755817866505e-12, 3.1330509176868005e-12, 1.3979973468493476e-12, 1.0305262112780813e-13, 4.010135400796901e-13, 1.6831918418687075e-13, 1.1453091716972863e-12, 1.2820904711881648e-12, 2.0830103681791577e-13, 8.317790900491673e-13, 5.870919819910817e-13, 2.864289338439558e-14, 4.712675218026755e-12, 4.991760263386612e-13, 2.2874086392715544e-13, 1.259442010004469e-12, 8.002507276866067e-13, 2.400302220320921e-12, 2.0830813754583204e-13, 1.4641623942655073e-12, 7.959855307055435e-12, 2.7946537151458484e-12, 4.617639945693729e-12, 6.230699806840539e-13, 5.755403012881279e-13, 4.965068306494546e-15, 8.296271088900922e-15, 9.561241719398336e-13, 1.0058655894899741e-12, 2.560174333301587e-12, 3.819376334019676e-13, 3.061995617175555e-12, 8.331118311212373e-13, 3.2134296452194427e-12, 8.637536273201149e-13, 1.1997068154755006e-13, 1.2434815078334318e-13, 3.256721491115951e-14, 4.378755640552263e-13, 4.742874840267548e-13, 4.440892098500626e-16, 4.5288390936029406e-15, 1.3322676295501878e-15]}}, "num_edges": 2, "completed": true, "search_time": 0.5611095428466797, "execute_time": 11.80779480934143, "total_time": 12.36890435218811, "avg_pred_error": 0.0}}, "search_time": 0.5611095428466797, "execute_time": 11.80779480934143, "total_time": 12.36890435218811}, "subtask_2": {"obj_name": "pointRobot-vel-v7", "target_state_pos_2d": [2.1162749548807067, -2.0657818941174453, 0.0], "completed": true, "num_hypotheses": 1, "hypotheses": {"hypothesis_1": {"edges": {"edge_0": {"status": "edge:completed", "verb": "identify"}, "edge_1": {"status": "edge:completed", "verb": "driving", "controller_type": "MPPI", "final_pose_error": null, "avg_pred_error": 0.0, "max_pred_error": 0.0, "min_pred_error": 0.0,