{"completed": true, "subtasks": {"subtask_0": {"obj_name": "pointRobot-vel-v7", "target_state_pos_2d": [2.993470105978455, -2.370401254398511, 0.0], "completed": true, "num_hypotheses": 1, "hypotheses": {"hypothesis_1": {"edges": {"edge_0": {"status": "edge:completed", "verb": "identify"}, "edge_1": {"status": "edge:completed", "verb": "driving", "controller_type": "MPC_2th_order", "final_pose_error": null, "avg_pred_error": 0.0, "max_pred_error": 0.0, "min_pred_error": 0.0, "pred_error": [0.0, 1.2212776240576904e-13, 2.1316282072803006e-14, 1.0081436401350646e-13, 9.394166408209956e-14, 5.442992222449051e-14, 2.1815811808895668e-14, 8.242611568074747e-15, 3.193063955111494e-13, 1.201279782016709e-13, 5.298001024544651e-13, 4.709579156521703e-13, 2.342655820280344e-13, 5.244716600001025e-13, 7.120157239281594e-15, 5.651070530424107e-13, 4.589681320009731e-13, 2.213785824665998e-13, 7.807425852610436e-14, 2.1556631856153974e-14, 2.9976021664879227e-15, 3.722145839155691e-15, 4.685351628010801e-15, 4.3737714791252564e-15, 3.7053799895061624e-13, 1.2430930029018747e-13, 5.556155495548335e-13, 4.96244370608004e-13, 2.510016257617633e-13, 5.652426899290028e-13, 4.751394617173697e-15, 5.803864043945165e-13, 1.8711820287675707e-12, 3.5368533290405994e-14, 3.541889863447702e-14, 3.5696087441709215e-14, 1.7895687137986165e-12, 1.4249160177647979e-12, 3.635810901997976e-14, 5.792615867821822e-13, 1.8901549081005983e-12, 1.8171074510374235e-12, 3.5971911314181526e-14, 3.590417319332016e-14, 3.597122599785507e-14, 1.661783959442964e-12, 1.3828949403569142e-12, 3.751699708319671e-14, 3.852729846145627e-14, 3.753604774788235e-14, 1.1766211497827443e-12, 2.8688300444904045e-13, 4.4764544803252654e-13, 3.1165445441279525e-15, 1.5929870557901437e-13, 1.8784981975506074e-12, 1.151081373563291e-12, 9.445803591806339e-13, 2.438454181366959e-13, 7.733814864558e-13, 5.713318145019064e-13, 2.8155290927280534e-13, 1.0209614797777219e-12, 7.838300357152768e-14, 2.4404156743232227e-13, 1.5148715511003512e-13, 1.4936523181711915e-14, 3.55511164514838e-13, 4.189529226675416e-15, 2.4159922383985077e-13, 1.4835836791970232e-13, 1.5635030843018832e-13, 3.953391794989626e-14, 1.0618283518474777e-13, 9.328516420481493e-14]}}, "num_edges": 2, "completed": true, "search_time": 0.5966653823852539, "execute_time": 4.7171790599823, "total_time": 5.313844442367554, "avg_pred_error": 0.0}}, "search_time": 0.5966653823852539, "execute_time": 4.7171790599823, "total_time": 5.313844442367554}, "subtask_1": {"obj_name": "pointRobot-vel-v7", "target_state_pos_2d": [1.4019468387093958, 1.7899079396379058, 0.0], "completed": true, "num_hypotheses": 1, "hypotheses": {"hypothesis_1": {"edges": {"edge_0": {"status": "edge:completed", "verb": "identify"}, "edge_1": {"status": "edge:completed", "verb": "driving", "controller_type": "MPC_2th_order", "final_pose_error": null, "avg_pred_error": 0.0, "max_pred_error": 0.0, "min_pred_error": 0.0, "pred_error": [0.0, 1.0467276882193008e-12, 2.6504351267278946e-14, 2.4083396366869622e-14, 2.2640929242721657e-14, 2.3144888387107062e-14, 2.3297759690550344e-14, 6.688090024876768e-13, 5.888656832040967e-13, 2.2923349896783115e-14, 2.2094275025718255e-14, 2.13728745827402e-14, 4.729568849198754e-13, 1.3313797473874326e-12, 1.0913493235603826e-12, 2.2880293228612563e-14, 2.3324197773193405e-14, 1.029620928808168e-12]}}, "num_edges": 2, "completed": true, "search_time": 0.613821268081665, "execute_time": 1.1705389022827148, "total_time": 1.7843601703643799, "avg_pred_error": 0.0}}, "search_time": 0.613821268081665, "execute_time": 1.1705389022827148, "total_time": 1.7843601703643799}, "subtask_2": {"obj_name": "pointRobot-vel-v7", "target_state_pos_2d": [2.406154064293793, 1.4153661226147007, 0.0], "completed": true, "num_hypotheses": 1, "hypotheses": {"hypothesis_1": {"edges": {"edge_0": {"status": "edge:completed", "verb": "identify"}, "edge_1": {"status": "edge:completed", "verb": "driving", "controller_type": "MPC_2th_order", "final_pose_error": null, "avg_pred_error": 0.0, "max_pred_error": 0.0, "min_pred_error": 0.0, "pred_error": [0.0, 5.601765579178428e-12, 2.6617597015388128e-14, 2.6069424396979457e-14, 2.5611998819078204e-14, 2.548655730905125e-14, 1.1748518942490794e-12, 8.982953287272084e-13, 1.2902873512842787e-12, 1.3747891893247376e-12, 1.5340229448579216e-12, 2.8647196380496534e-14, 2.7367898331658087e-14, 2.6160833713276706e-14, 1.7735259409617235e-12, 1.307731818524014e-12, 2.6367796834847468e-14, 2.6645583886463338e-14, 2.6712171312193254e-14, 1.2582714412858549e-12, 1.0568783011061076e-12, 2.8873483776622465e-14, 2.8700124147032676e-14, 2.8009322916527208e-14, 8.896782183002215e-13, 8.187340899489503e-13, 1.248613292072898e-12, 1.5961121931322334e-12, 1.7623125321271257e-12, 3.445199325899976e-14, 3.486736672819919e-14, 3.452793606584237e-14, 1.8247626848607517e-12, 9.016122276661927e-13, 1.175061077247098e-12, 1.4854784235437212e-12, 3.4462724741622066e-14, 3.475069007120987e-14, 3.3998937412537817e-14, 1.1470879307154318e-12, 1.7363888673026454e-12, 1.9131388416093854e-12, 3.5596458096434965e-14, 3.530788508650837e-14, 1.2991832870151672e-12, 1.7450521665557485e-12]}}, "num_edges": 2, "completed": true, "search_time": 1.0747861862182617, "execute_time": 2.8666832447052, "total_time": 3.941469430923462, "avg_pred_error": 0.0}}, "search_time": 1.0747861862182617, "execute_time": 2.8666832447052, "total_time": 3.941469430923462}}, "total_time": 11.039674043655396, "execute_time": 8.754401206970215, "search_time": 2.2852728366851807, "hypothesis_success_ratio": 1.0, "total_avg_prediction_error": 0.0}