{"completed": true, "subtasks": {"subtask_0": {"obj_name": "box_3", "target_state_pos_2d": [-1.5903260079239978, 2.8054517954282785, 3.4149879781725176], "completed": true, "num_hypotheses": 3, "hypotheses": {"hypothesis_1": {"edges": {}, "num_edges": 0, "completed": false, "fail_reason": "pointRobot-vel-v7 deviated to far from pushable object box_3", "search_time": 11.96106743812561, "execute_time": 5.746455430984497, "total_time": 17.707522869110107, "avg_pred_error": NaN}, "hypothesis_2": {"edges": {}, "num_edges": 0, "completed": false, "fail_reason": "pointRobot-vel-v7 deviated to far from pushable object box_3", "search_time": 23.640626192092896, "execute_time": 14.217143535614014, "total_time": 37.85776972770691, "avg_pred_error": NaN}, "hypothesis_3": {"edges": {"edge_0": {"status": "edge:completed", "verb": "driving", "controller_type": "MPC_2th_order", "final_pose_error": null, "avg_pred_error": 0.0, "max_pred_error": 0.0, "min_pred_error": 0.0, "pred_error": [0.0, 4.843448597607423e-15, 9.328649022477856e-14, 4.447553436648377e-13, 3.6720626546033075e-13, 1.5426550191223727e-13, 3.758105002415367e-14, 3.830495696553405e-15, 2.306595211858756e-16, 5.551115123125783e-16, 3.4021815010030383e-16, 1.2212650396953501e-15, 2.2215299868541707e-16, 6.667118051786499e-16, 6.670367046887758e-16, 8.903712222204826e-16, 5.551548787055441e-16, 4.484587321511725e-16, 1.1123893155135927e-15, 1.3327193038905524e-15, 1.3322676295501878e-15, 1.3327193038905524e-15, 4.445768331151997e-16, 4.449557262054371e-16, 4.163336342344337e-17, 8.908848018021073e-16, 1.554560032361923e-15, 1.3325567187647329e-15, 2.2207170832518413e-15, 1.333152767288562e-15, 2.2247786310271853e-16, 4.460365043975677e-16, 8.882055243408597e-16, 4.460365043975677e-16, 4.484587321511725e-16, 8.899114524108741e-16, 3.996899261015124e-15, 8.899114524108741e-16, 3.553045700201176e-15, 3.552720455057617e-15, 2.2209772447760915e-15, 2.2213240794104555e-15, 3.552774664649262e-15, 4.440913782491137e-15, 2.6646798154688044e-15, 8.882055243408597e-16, 4.484587321511725e-16, 4.467376080957673e-16, 4.449557262054371e-16, 2.2211398302543545e-15, 3.9970197232032065e-15, 4.441239029644353e-15, 3.1087483753007656e-15, 2.664616573022579e-15, 1.9539969587077654e-14, 9.592331851825504e-14, 4.471978420710047e-13, 3.7037041037497084e-13, 1.5631940433131786e-13, 2.48245869857816e-13, 5.7764280894422756e-15, 4.671818561826609e-13, 3.557154668355375e-13, 1.4788180064887765e-13, 3.686007322053856e-14, 4.0156476735846046e-15, 5.551115123125783e-16, 5.551115123125783e-16, 4.0156476735846046e-15, 4.453364592678439e-15, 3.1186449331649703e-15, 2.498001805406602e-16, 5.595535058217257e-14, 9.325880015319358e-14, 4.645174329105022e-13, 3.828049995127521e-13, 1.7053083482260234e-13, 2.9576346064455626e-13, 6.233089088255905e-15, 4.840572896642272e-13, 2.673771110915334e-15, 1.807312143953211e-15, 1.7979101253009106e-15, 9.485749680535094e-16, 1.1102230246251565e-15, 8.012857300239653e-15, 1.047382306668854e-15, 1.831026719408895e-15, 7.17533971441876e-15, 4.442279660508709e-15, 4.218847639657569e-13, 0.0, 8.651746000723783e-12, 3.286489878510514e-14, 2.5757233989285068e-14, 3.1086294252992755e-14, 3.197461585567644e-14, 3.1974550352122955e-14, 6.261657859901121e-13, 1.6102674749312775e-12, 1.003641615796295e-12, 1.3740120163974405e-12, 3.2862894555212404e-14, 3.286335167103534e-14, 2.2826188086251774e-13, 1.7426060735982184e-12, 8.046897171777201e-13, 9.459101489173392e-13, 1.423750011107993e-12, 2.1316571191421636e-14, 3.46453629090582e-14, 6.989966367262606e-13, 1.683098138286906e-12, 0.0, 4.2001957471287186e-12, 7.105533608619493e-14, 6.927800569673091e-14, 6.838987912224164e-14, 7.549534935089055e-14, 6.83897397249644e-14, 5.950795452446144e-14, 3.8262726320681395e-12, 3.501199330567909e-12, 5.9250382379658075e-12, 6.483703057894269e-14, 6.306116255944953e-14, 2.8155269585275157e-13, 3.852918017050245e-12, 2.15649726090365e-12, 2.3030466483034474e-12, 3.741895685902422e-12, 5.3292555521591827e-14, 5.862145783217125e-14, 1.5090152820982752e-12, 3.822719920001536e-12]}, "edge_1": {"status": "edge:completed", "verb": "pushing", "controller_type": "MPPI_4th_order", "final_pose_error": null, "avg_pred_error": 0.592121751, "max_pred_error": 0.8474272624, "min_pred_error": 0.0, "pred_error": [0.0, 0.8103607362324714, 0.746609267635645, 0.6842273469307399, 0.6236251684002385, 0.568569505769303, 0.5558437922828497, 0.5342277093684891, 0.5109760568204997, 0.5173431396325125, 0.5060081346930078, 0.5041899778061407, 0.5083215803385172, 0.5457531162884929, 0.513895033143031, 0.5087678444886636, 0.5315738748816965, 0.0, 0.847427262381214, 0.8405214556248183, 0.8094013270284881, 0.8301984018525751, 0.8388922697407317, 0.7720647635761613, 0.7059941390003296, 0.6664682513481128, 0.6544969357341004, 0.6659189573507309, 0.6663799689633454, 0.6770680600898135, 0.6465751980862612, 0.6251420966506923, 0.5893368583193234, 0.586726020293235, 0.5616586259654476, 0.5958735344154291, 0.5908916261058904, 0.6107215274033537, 0.5412895691645053, 0.5420424529561434, 0.5365432330433626, 0.5438395251266491, 0.5449106942066582, 0.5408601420536355, 0.5413612891840619, 0.5384235022281022, 0.5484023233884643]}}, "num_edges": 2, "completed": true, "search_time": 35.28475832939148, "execute_time": 27.05785059928894, "total_time": 62.34260892868042, "avg_pred_error": 0.296060875}}, "search_time": 70.88645195960999, "execute_time": 47.02144956588745, "total_time": 117.90790152549744}}, "total_time": 117.90790152549744, "execute_time": 47.02144956588745, "search_time": 70.88645195960999, "hypothesis_success_ratio": 1.0, "total_avg_prediction_error": NaN}