{"completed": true, "subtasks": {"subtask_0": {"obj_name": "pointRobot-vel-v7", "target_state_pos_2d": [-3.842847751329963, 2.5746160035941434, 0.0], "completed": true, "num_hypotheses": 1, "hypotheses": {"hypothesis_1": {"edges": {"edge_0": {"status": "edge:completed", "verb": "driving", "controller_type": "MPC", "final_pose_error": null, "avg_pred_error": 0.08581, "max_pred_error": 4.07582, "min_pred_error": 0.0}}, "num_edges": 1, "completed": true, "search_time": 0.011982440948486328, "execute_time": 0.07786035537719727, "total_time": 0.0898427963256836}}, "search_time": 0.011982440948486328, "execute_time": 0.07786035537719727, "total_time": 0.0898427963256836}, "subtask_1": {"obj_name": "pointRobot-vel-v7", "target_state_pos_2d": [-3.842847751329963, 2.5746160035941434, 0.0], "completed": true, "num_hypotheses": 1, "hypotheses": {"hypothesis_1": {"edges": {"edge_0": {"status": "edge:completed", "verb": "driving", "controller_type": "MPC", "final_pose_error": null, "avg_pred_error": 0.08671, "max_pred_error": 4.07582, "min_pred_error": 0.0}}, "num_edges": 1, "completed": true, "search_time": 0.011415958404541016, "execute_time": 0.0788421630859375, "total_time": 0.09025812149047852}}, "search_time": 0.011415958404541016, "execute_time": 0.0788421630859375, "total_time": 0.09025812149047852}, "subtask_2": {"obj_name": "pointRobot-vel-v7", "target_state_pos_2d": [-3.842847751329963, 2.5746160035941434, 0.0], "completed": true, "num_hypotheses": 1, "hypotheses": {"hypothesis_1": {"edges": {"edge_0": {"status": "edge:completed", "verb": "driving", "controller_type": "MPC", "final_pose_error": null, "avg_pred_error": 0.08763, "max_pred_error": 4.07582, "min_pred_error": 0.0}}, "num_edges": 1, "completed": true, "search_time": 0.010053396224975586, "execute_time": 3.301912546157837, "total_time": 3.3119659423828125}}, "search_time": 0.010053396224975586, "execute_time": 3.301912546157837, "total_time": 3.3119659423828125}}, "total_time": 3.4920668601989746, "execute_time": 3.4586150646209717, "search_time": 0.03345179557800293, "hypothesis_success_ratio": 1.0}