{"completed": true, "subtasks": {"subtask_0": {"obj_name": "box", "target_state_pos_2d": [3, 0, 0], "completed": true, "num_hypotheses": 1, "hypotheses": {"hypothesis_1": {"edges": {"edge_0": {"status": "edge:completed", "verb": "identify"}, "edge_1": {"status": "edge:completed", "verb": "identify"}, "edge_2": {"status": "edge:completed", "verb": "driving", "controller_type": "MPC_2th_order", "final_pose_error": null, "avg_pred_error": 0.0, "max_pred_error": 0.0, "min_pred_error": 0.0, "pred_error": [0.0, 2.4306949307073198e-14, 2.564271621975358e-14, 2.5521991312828875e-14, 2.55016585785968e-14, 4.925088396667499e-13, 1.6125087615346627e-12, 1.435629419973251e-12, 2.610789606656603e-14, 2.6021799512720367e-14, 1.0346168902591232e-12]}, "edge_3": {"status": "edge:completed", "verb": "pushing", "controller_type": "MPPI_4th_order", "final_pose_error": null, "avg_pred_error": 1.0545221901, "max_pred_error": 1.4320631873, "min_pred_error": 0.0, "pred_error": [0.0, 1.4320631873289036, 1.4293791936015372, 1.3771686290948997, 1.329585483072959, 1.277210288844198, 1.2266763034327948, 1.1772592414735932, 1.1277318961852754, 1.1341986821793344, 1.0853507337507151, 1.034197815715639, 1.0292029277355268, 0.9819449865313402, 0.9333985103316846, 0.90122142767018, 0.9094362117956813, 0.9014090908801128, 0.901589102527705, 0.9014200898824866]}}, "num_edges": 4, "completed": true, "search_time": 13.375911712646484, "execute_time": 3.4111168384552, "total_time": 16.787028551101685, "avg_pred_error": 0.527261095}}, "search_time": 13.375911712646484, "execute_time": 3.4111168384552, "total_time": 16.787028551101685}}, "total_time": 16.787028551101685, "execute_time": 3.4111168384552, "search_time": 13.375911712646484, "hypothesis_success_ratio": 1.0, "total_avg_prediction_error": 0.527261095}