{"completed": true, "subtasks": {"subtask_0": {"obj_name": "pointRobot-vel-v7", "target_state_pos_2d": [1.0130454711363945, -3.8708429810556377, 0.0], "completed": true, "num_hypotheses": 1, "hypotheses": {"hypothesis_1": {"edges": {"edge_0": {"status": "edge:completed", "verb": "identify"}, "edge_1": {"status": "edge:completed", "verb": "driving", "controller_type": "MPPI", "final_pose_error": null}}, "num_edges": 2, "completed": true, "search_time": 11.166419982910156, "execute_time": 0.15182924270629883, "total_time": 11.318249225616455}}, "search_time": 11.166419982910156, "execute_time": 0.15182924270629883, "total_time": 11.318249225616455}, "subtask_1": {"obj_name": "pointRobot-vel-v7", "target_state_pos_2d": [1.0130454711363945, -3.8708429810556377, 0.0], "completed": true, "num_hypotheses": 1, "hypotheses": {"hypothesis_1": {"edges": {"edge_0": {"status": "edge:completed", "verb": "driving", "controller_type": "MPC", "final_pose_error": null, "avg_pred_error": 0.08909, "max_pred_error": 4.60572, "min_pred_error": 0.0}}, "num_edges": 1, "completed": true, "search_time": 0.011675834655761719, "execute_time": 0.07613015174865723, "total_time": 0.08780598640441895}}, "search_time": 0.011675834655761719, "execute_time": 0.07613015174865723, "total_time": 0.08780598640441895}, "subtask_2": {"obj_name": "pointRobot-vel-v7", "target_state_pos_2d": [1.0130454711363945, -3.8708429810556377, 0.0], "completed": true, "num_hypotheses": 1, "hypotheses": {"hypothesis_1": {"edges": {"edge_0": {"status": "edge:completed", "verb": "driving", "controller_type": "MPC", "final_pose_error": null, "avg_pred_error": 0.0897, "max_pred_error": 4.60572, "min_pred_error": 0.0}}, "num_edges": 1, "completed": true, "search_time": 0.01891493797302246, "execute_time": 4.165365219116211, "total_time": 4.184280157089233}}, "search_time": 0.01891493797302246, "execute_time": 4.165365219116211, "total_time": 4.184280157089233}}, "total_time": 15.590335369110107, "execute_time": 4.393324613571167, "search_time": 11.19701075553894, "hypothesis_success_ratio": 1.0}