{"completed": true, "subtasks": {"subtask_0": {"obj_name": "box", "target_state_pos_2d": [3, 0, 0], "completed": true, "num_hypotheses": 1, "hypotheses": {"hypothesis_1": {"edges": {"edge_0": {"status": "edge:completed", "verb": "identify"}, "edge_1": {"status": "edge:completed", "verb": "identify"}, "edge_2": {"status": "edge:completed", "verb": "driving", "controller_type": "MPPI", "final_pose_error": null, "avg_pred_error": 0.0, "max_pred_error": 0.0, "min_pred_error": 0.0, "pred_error": [0.0, 1.562640293705588e-14, 7.159718998239694e-12, 1.9061142817028e-14, 1.777753285006312e-14, 1.9650967137250703e-14, 5.564021493478244e-13, 1.2248546840276749e-13, 1.1131096390936792e-12, 1.0260542430723822e-12, 1.8649000998660053e-13, 5.165867733580853e-13, 3.9293587612479103e-13, 2.9730386893636117e-13, 9.038883209571688e-13, 1.5301093886495941e-12]}, "edge_3": {"status": "edge:completed", "verb": "pushing", "controller_type": "MPPI_4th_order", "final_pose_error": null, "avg_pred_error": 1.1031140017, "max_pred_error": 1.451039437, "min_pred_error": 0.0, "pred_error": [0.0, 1.4510394370393396, 1.402586147856531, 1.356498677700937, 1.335356616727224, 1.3612217738918093, 1.3066878705763343, 1.2537708789560975, 1.2070189221689895, 1.1579318385801443, 1.1785075689427726, 1.1348503292987664, 1.1044166030652898, 1.0516780536957975, 0.9983867672065794, 0.9521303153591306, 0.9029366047186151, 0.9034759945997216, 0.9006716325237177]}}, "num_edges": 4, "completed": true, "search_time": 14.399301052093506, "execute_time": 3.7717747688293457, "total_time": 18.17107582092285, "avg_pred_error": 0.551557}}, "search_time": 14.399301052093506, "execute_time": 3.7717747688293457, "total_time": 18.17107582092285}}, "total_time": 18.17107582092285, "execute_time": 3.7717747688293457, "search_time": 14.399301052093506, "hypothesis_success_ratio": 1.0, "total_avg_prediction_error": 0.551557}