{"completed": true, "subtasks": {"subtask_0": {"obj_name": "box", "target_state_pos_2d": [3, 0, 0], "completed": true, "num_hypotheses": 1, "hypotheses": {"hypothesis_1": {"edges": {"edge_0": {"status": "edge:completed", "verb": "identify"}, "edge_1": {"status": "edge:completed", "verb": "identify"}, "edge_2": {"status": "edge:completed", "verb": "driving", "controller_type": "MPPI", "final_pose_error": null, "avg_pred_error": 0.0, "max_pred_error": 0.0, "min_pred_error": 0.0, "pred_error": [0.0, 1.513807077432625e-14, 1.579800738332726e-14, 1.5997643973146016e-14, 1.935049346167528e-12, 9.173079068064567e-13, 2.1271879670610855e-13, 2.1475321585650932e-12, 1.2048904168145215e-12, 4.898583553384924e-13, 9.892503623218153e-13, 1.0504653231268158e-12, 3.0939973050019454e-12, 7.082806585227561e-13, 4.2459115022147616e-13, 2.3226839773690403e-12, 6.625673721350478e-13]}, "edge_3": {"status": "edge:completed", "verb": "pushing", "controller_type": "MPPI_5th_order", "final_pose_error": null, "avg_pred_error": 1.5099684569, "max_pred_error": 1.8306286086, "min_pred_error": 0.0, "pred_error": [0.0, 1.8306286086281627, 1.7817196901675045, 1.7660621119181255, 1.7191231842747063, 1.7360457197819423, 1.7364866537979962, 1.6925299725428988, 1.6471332050234, 1.6009584527039544, 1.5652360775847307, 1.5417805182829767, 1.4883404802736582, 1.4302562108443737, 1.4117056079314036, 1.4260404497049, 1.3943655718728942, 1.4147018507906928, 1.445772986436761, 1.5091991880288296, 1.5712510539554239]}}, "num_edges": 4, "completed": true, "search_time": 12.235152244567871, "execute_time": 5.080467939376831, "total_time": 17.315620183944702, "avg_pred_error": 0.75498423}}, "search_time": 12.235152244567871, "execute_time": 5.080467939376831, "total_time": 17.315620183944702}}, "total_time": 17.315620183944702, "execute_time": 5.080467939376831, "search_time": 12.235152244567871, "hypothesis_success_ratio": 1.0, "total_avg_prediction_error": 0.75498423}