{"completed": true, "subtasks": {"subtask_0": {"obj_name": "box", "target_state_pos_2d": [3, 0, 0], "completed": true, "num_hypotheses": 1, "hypotheses": {"hypothesis_1": {"edges": {"edge_0": {"status": "edge:completed", "verb": "identify"}, "edge_1": {"status": "edge:completed", "verb": "identify"}, "edge_2": {"status": "edge:completed", "verb": "driving", "controller_type": "MPC_2th_order", "final_pose_error": null, "avg_pred_error": 0.0, "max_pred_error": 0.0, "min_pred_error": 0.0, "pred_error": [0.0, 2.4305214583879977e-14, 2.5646211945774248e-14, 2.554208354073207e-14, 2.5487781456959956e-14, 4.924671906625941e-13, 1.6125434359387062e-12, 1.4356433235177925e-12, 2.6133348408809362e-14, 2.6036860332240022e-14, 1.0346724014074781e-12]}, "edge_3": {"status": "edge:completed", "verb": "pushing", "controller_type": "MPPI_4th_order", "final_pose_error": null, "avg_pred_error": 1.0205615566, "max_pred_error": 1.3597701037, "min_pred_error": 0.0, "pred_error": [0.0, 1.3597701036942362, 1.3163329244552027, 1.2638835735727068, 1.214002210153917, 1.1992720106984658, 1.1480222802690383, 1.0993857860969651, 1.048022384873488, 0.9990259110155708, 0.9901812686209042, 0.9467843288610385, 0.9075316639614602, 0.9077383989236169, 0.9084705038870978]}}, "num_edges": 4, "completed": true, "search_time": 12.843053817749023, "execute_time": 2.8637657165527344, "total_time": 15.706819534301758, "avg_pred_error": 0.51028078}}, "search_time": 12.843053817749023, "execute_time": 2.8637657165527344, "total_time": 15.706819534301758}}, "total_time": 15.706819534301758, "execute_time": 2.8637657165527344, "search_time": 12.843053817749023, "hypothesis_success_ratio": 1.0, "total_avg_prediction_error": 0.51028078}