{"completed": true, "subtasks": {"subtask_0": {"obj_name": "box", "target_state_pos_2d": [3, 0, 0], "completed": true, "num_hypotheses": 1, "hypotheses": {"hypothesis_1": {"edges": {"edge_0": {"status": "edge:completed", "verb": "identify"}, "edge_1": {"status": "edge:completed", "verb": "identify"}, "edge_2": {"status": "edge:completed", "verb": "driving", "controller_type": "MPC_2th_order", "final_pose_error": null, "avg_pred_error": 0.0, "max_pred_error": 0.0, "min_pred_error": 0.0, "pred_error": [0.0, 2.7158838717669587e-14, 2.90184675799656e-14, 2.7561635974533147e-14, 2.6285057663805652e-14, 2.5733250795390016e-14, 2.5705499357601693e-14, 1.08729697018011e-12, 9.298950763608297e-13, 2.6536420584287434e-14, 1.5335372222961004e-12]}, "edge_3": {"status": "edge:completed", "verb": "pushing", "controller_type": "MPPI_4th_order", "final_pose_error": null, "avg_pred_error": 1.0585608338, "max_pred_error": 1.3534230911, "min_pred_error": 0.0, "pred_error": [0.0, 1.353423091122654, 1.3020581046026336, 1.3499175963133685, 1.3225084100299347, 1.2710885518227057, 1.2215175902701854, 1.174377486017297, 1.1817585665703192, 1.1368204374607676, 1.1107132409557299, 1.0562558036950955, 1.0038270074161828, 0.9565457602211873, 0.9051681867979032, 0.9027177156316057, 0.9027430383426077, 0.9026544216905982]}}, "num_edges": 4, "completed": true, "search_time": 12.622828722000122, "execute_time": 3.0702548027038574, "total_time": 15.69308352470398, "avg_pred_error": 0.529280415}}, "search_time": 12.622828722000122, "execute_time": 3.0702548027038574, "total_time": 15.69308352470398}}, "total_time": 15.69308352470398, "execute_time": 3.0702548027038574, "search_time": 12.622828722000122, "hypothesis_success_ratio": 1.0, "total_avg_prediction_error": 0.529280415}