{"completed": true, "subtasks": {"subtask_0": {"obj_name": "box", "target_state_pos_2d": [3, 0, 0], "completed": true, "num_hypotheses": 1, "hypotheses": {"hypothesis_1": {"edges": {"edge_0": {"status": "edge:completed", "verb": "identify"}, "edge_1": {"status": "edge:completed", "verb": "identify"}, "edge_2": {"status": "edge:completed", "verb": "driving", "controller_type": "MPPI", "final_pose_error": null, "avg_pred_error": 0.0, "max_pred_error": 0.0, "min_pred_error": 0.0, "pred_error": [0.0, 1.2150005207150278e-14, 6.337735891649524e-12, 3.545774785575546e-13, 1.8096635301390052e-14, 1.781942540574786e-14, 1.7097637337911955e-14, 1.8264518520433173e-14, 1.8214510587438874e-14, 1.7494821712781742e-14, 2.0874038231882188e-14, 4.5854932629975437e-14, 2.741612538105728e-12, 1.2248616024547615e-13, 8.44907542963708e-13, 3.8763595893867656e-13]}, "edge_3": {"status": "edge:completed", "verb": "pushing", "controller_type": "MPPI_4th_order", "final_pose_error": null, "avg_pred_error": 1.0830630505, "max_pred_error": 1.3735537736, "min_pred_error": 0.0, "pred_error": [0.0, 1.3735537735818215, 1.3355085754027676, 1.3617111448673889, 1.3120101635776837, 1.2687639715755523, 1.2620103579766144, 1.256852614587854, 1.2177910845333921, 1.166742607464321, 1.1799144352987916, 1.1224918592384183, 1.064394135330724, 1.0117092920011665, 0.9712444652419526, 0.930012249593552, 0.9151467634020212, 0.9156168612950942, 0.9127236047067034]}}, "num_edges": 4, "completed": true, "search_time": 12.851848602294922, "execute_time": 3.771557092666626, "total_time": 16.623405694961548, "avg_pred_error": 0.541531525}}, "search_time": 12.851848602294922, "execute_time": 3.771557092666626, "total_time": 16.623405694961548}}, "total_time": 16.623405694961548, "execute_time": 3.771557092666626, "search_time": 12.851848602294922, "hypothesis_success_ratio": 1.0, "total_avg_prediction_error": 0.541531525}