{"completed": true, "subtasks": {"subtask_0": {"obj_name": "pointRobot-vel-v7", "target_state_pos_2d": [1.0130454711363945, -3.8708429810556377, 0.0], "completed": true, "num_hypotheses": 1, "hypotheses": {"hypothesis_1": {"edges": {"edge_0": {"status": "edge:completed", "verb": "driving", "controller_type": "MPC", "final_pose_error": null, "avg_pred_error": 0.08369, "max_pred_error": 4.07428, "min_pred_error": 0.0}}, "num_edges": 1, "completed": true, "search_time": 0.013602972030639648, "execute_time": 0.07915616035461426, "total_time": 0.0927591323852539}}, "search_time": 0.013602972030639648, "execute_time": 0.07915616035461426, "total_time": 0.0927591323852539}, "subtask_1": {"obj_name": "pointRobot-vel-v7", "target_state_pos_2d": [1.0130454711363945, -3.8708429810556377, 0.0], "completed": true, "num_hypotheses": 1, "hypotheses": {"hypothesis_1": {"edges": {"edge_0": {"status": "edge:completed", "verb": "driving", "controller_type": "MPC", "final_pose_error": null, "avg_pred_error": 0.08543, "max_pred_error": 4.07428, "min_pred_error": 0.0}}, "num_edges": 1, "completed": true, "search_time": 0.011427879333496094, "execute_time": 0.0785982608795166, "total_time": 0.0900261402130127}}, "search_time": 0.011427879333496094, "execute_time": 0.0785982608795166, "total_time": 0.0900261402130127}, "subtask_2": {"obj_name": "pointRobot-vel-v7", "target_state_pos_2d": [1.0130454711363945, -3.8708429810556377, 0.0], "completed": true, "num_hypotheses": 1, "hypotheses": {"hypothesis_1": {"edges": {"edge_0": {"status": "edge:completed", "verb": "driving", "controller_type": "MPC", "final_pose_error": null, "avg_pred_error": 0.08725, "max_pred_error": 4.07428, "min_pred_error": 0.0}}, "num_edges": 1, "completed": true, "search_time": 0.015574216842651367, "execute_time": 2.959261655807495, "total_time": 2.9748358726501465}}, "search_time": 0.015574216842651367, "execute_time": 2.959261655807495, "total_time": 2.9748358726501465}}, "total_time": 3.157621145248413, "execute_time": 3.117016077041626, "search_time": 0.04060506820678711, "hypothesis_success_ratio": 1.0}