{"completed": true, "subtasks": {"subtask_0": {"obj_name": "pointRobot-vel-v7", "target_state_pos_2d": [-3.9649654510363943, 0.2896998561548547, 0.0], "completed": true, "num_hypotheses": 1, "hypotheses": {"hypothesis_1": {"edges": {"edge_0": {"status": "edge:completed", "verb": "driving", "controller_type": "MPC_2th_order", "final_pose_error": null, "avg_pred_error": 0.0, "max_pred_error": 0.0, "min_pred_error": 0.0, "pred_error": [0.0, 2.926826188948264e-14, 3.08364476317781e-14, 3.11696226361798e-14, 2.892196238642833e-14, 4.932444123576644e-13, 1.6181500736257868e-12, 1.448841099243997e-12, 3.142009619700684e-14, 3.1752572598620624e-14, 3.131321010907035e-14, 1.4376281418264932e-12, 1.1519674959503672e-12, 3.219819042790732e-14, 3.1653819409282693e-14, 3.208563749120015e-14, 1.020628515649423e-12, 1.5930591147506966e-12, 1.6670000045683364e-12, 3.342951399303256e-14, 1.0627056879469257e-12, 1.6173729632416931e-12, 1.7159607212268818e-12, 3.3306690738754696e-14, 3.3309651201916735e-14, 3.360217960793837e-14, 1.7414963460282322e-12, 1.3602461378038867e-12, 3.4206401998296544e-14, 3.686542320760843e-14, 3.619599497392456e-14, 1.2376776038282055e-12, 1.6828762951055847e-12, 8.915091164258814e-13, 6.648018808798361e-13, 1.7448268587151084e-12, 3.1106063782808444e-14, 3.2012179239918526e-14, 2.7755575615628914e-14, 1.2061529160306883e-12, 1.0678125974299092e-12, 3.316130428493564e-14, 2.917246998993645e-14, 3.0357647348311546e-14, 8.530954877099921e-13, 8.193566270229156e-13, 3.8841942294833626e-14, 4.042187712042849e-14, 3.952643448111926e-14, 5.9464606493016e-13, 1.9624334341778614e-12, 1.902479470775734e-12, 3.712596418475099e-14, 3.7771086125397556e-14, 3.575125007163168e-14, 1.7124080507660222e-12, 4.627545945191471e-13, 1.3624659853174907e-12, 0.0, 1.7466037656489055e-12, 3.4812352572002706e-14, 3.269606807521086e-14, 3.0081564046543127e-14, 2.9045914819789974e-14, 2.9227820413647035e-14, 2.904379293759777e-14, 7.507375377819084e-13, 1.832119728390634e-12, 1.2609421345584392e-12, 9.076629424213238e-13]}}, "num_edges": 1, "completed": true, "search_time": 3.8623809814453125e-05, "execute_time": 0.7453773021697998, "total_time": 0.7454159259796143, "avg_pred_error": 0.0}}, "search_time": 3.8623809814453125e-05, "execute_time": 0.7453773021697998, "total_time": 0.7454159259796143}, "subtask_1": {"obj_name": "pointRobot-vel-v7", "target_state_pos_2d": [-3.3032005510770146, 0.4364833651474975, 0.0], "completed": true, "num_hypotheses": 1, "hypotheses": {"hypothesis_1": {"edges": {"edge_0": {"status": "edge:completed", "verb": "identify"}, "edge_1": {"status": "edge:completed", "verb": "driving", "controller_type": "MPPI", "final_pose_error": null, "avg_pred_error": 0.0, "max_pred_error": 0.0, "min_pred_error": 0.0, "pred_error": [0.0, 2.962088345688273e-13, 1.6477205874947048e-13, 4.8922428255765776e-14, 1.3280940552183383e-13, 3.205142920095861e-14, 5.5068852674591605e-14, 6.936743112986112e-13, 5.107043290650019e-13, 4.156677376467329e-13, 2.67782479420499e-14, 1.111110848057422e-14, 1.3330075727505561e-14, 6.190617921028168e-13, 1.9402259611259223e-12, 1.6986449429285611e-12, 1.6835725928822778e-13, 8.840164340990473e-14, 4.547527718650152e-13, 1.111110848057422e-14, 1.9895196601282805e-13, 2.2341262637907568e-13, 1.949996984654158e-12, 2.273806142312601e-13, 6.563644530907424e-13, 5.161206019631948e-12, 3.5567104816891515e-12, 1.6990855490291412e-12, 1.5143452474398738e-12, 6.485071087474308e-14, 5.20472743402093e-13, 7.422802026536985e-14, 2.318213734067276e-15, 2.04871497623304e-14, 7.30529483574075e-13, 6.130401827188391e-14, 4.1211771781492867e-13, 1.0809137069387397e-12, 6.532561711141727e-13, 1.4752649566875421e-12, 6.479263093608087e-13, 1.5898399294758201e-12, 5.822011234838155e-13, 3.8813911400100363e-13, 4.56083996687064e-13, 2.05051911106139e-14, 1.5671064435979332e-14, 1.7798229048217483e-14, 2.8869214508988616e-14, 3.970602128166509e-12, 9.627863287263785e-13, 4.831690603168681e-13, 1.4762209355896038e-14, 6.825652600057671e-13, 6.923353986182395e-13, 8.45101883026009e-13, 5.853106315243647e-13, 1.4690481801599382e-12, 6.759041056442524e-13, 3.419559007489739e-14, 6.08847126616949e-13, 1.0658719261875218e-14, 1.5568478189250094e-14, 1.5765264680274355e-13, 6.07514292689376e-13, 5.795364613916107e-13, 6.084027138532174e-13, 2.7533674264915034e-13, 4.1748076463764376e-14, 9.77563824497097e-15, 3.46533669204643e-14, 1.145751371684715e-13, 1.6324719363526406e-12, 3.1064071972327315e-13, 5.52447255947857e-13, 1.7798229048217483e-15, 3.5596458096434965e-15, 4.457859972920331e-15, 7.021666937153402e-16, 4.742874840267547e-16, 1.3988837645543143e-14, 5.750961295551786e-14, 3.645972419843366e-13, 4.818367939363988e-14, 2.886579877369434e-13, 1.6275869777665568e-13, 6.235012506294879e-13, 2.831068712794149e-12, 5.954570171891751e-12, 5.09370326722823e-13, 2.9021229996427184e-13, 6.090683513093609e-13, 1.9535484372851853e-12, 6.93889410374737e-13, 9.210410229018587e-13, 7.216450706235138e-13, 6.332712351431192e-13, 3.546052514450965e-13, 2.5459634788013705e-12, 1.1102230246251565e-15, 9.148264670032394e-14, 1.8252188081698265e-13, 1.8751667411779408e-12, 2.645661467681748e-12, 4.161127893084756e-13, 9.379249270799177e-15, 1.887380448007049e-13, 1.6919813465137078e-13, 8.260805387140493e-14, 1.5898707704171936e-13, 1.3777952724205801e-14, 2.1545478989050885e-14, 5.364599493106032e-13, 4.565280816380336e-13, 2.8637092783265106e-12, 5.850882081162871e-13, 2.636557872630659e-12, 4.987122320927409e-13, 4.869450842430718e-13, 4.886758073805416e-12, 8.273389428664777e-13, 5.132561086069471e-12, 4.620774370140224e-13, 3.9945830597346866e-13, 1.139194863024058e-13, 1.4195320102306947e-12, 2.8888139638228624e-13, 6.932245367806877e-13, 5.329082083011376e-13, 5.662148310117294e-13, 1.6552379078083387e-14, 1.7120488605649728e-14, 1.6888532234743552e-14, 2.9091233041629854e-14, 4.8629796240914525e-14, 4.45798973215356e-12, 6.084048107107226e-13, 1.4750425779197646e-12, 2.599439687948872e-14, 6.938911312182417e-13, 3.813616096051593e-12, 1.0814689264338515e-13, 1.7272850388000306e-12, 1.0240698142041813e-12, 1.821307252073179e-14, 5.1526310563904064e-14, 1.0360620538836969e-12, 3.239187313098622e-12, 1.715738676623816e-12, 2.0392576516314875e-12, 4.023478263716866e-13, 2.498064963962453e-13, 1.6349156474134252e-12, 4.632962810153339e-13, 3.2054630569060323e-13, 3.0298279253971333e-13, 1.49933389559042e-13, 2.370392718020576e-13, 4.499753641451353e-13, 1.946554839595549e-12, 9.582418278730663e-13, 5.510481032002728e-12, 1.2474516495026098e-12, 2.2095680503601187e-12, 7.612928807470832e-13, 2.600237131766408e-13, 1.0214060515249676e-12, 2.6374693923753656e-13, 4.7980134812870394e-14, 1.7579374582947619e-13, 4.553102590701603e-13, 6.407135550928486e-13, 6.805778525474863e-12, 2.8343439055070717e-12, 4.921341833729609e-12, 1.1077264471089587e-12, 2.3893944030981423e-12, 4.762098653277216e-13, 9.918736478621886e-13, 1.1137159814255698e-13, 5.121790119773688e-14, 1.1914111729889034e-13, 6.263739527057055e-13, 1.7809687081921212e-13, 4.3055571127438544e-13, 2.032930156473916e-12, 1.2189158811826367e-12, 5.419526146596335e-14, 5.259570856830811e-12, 1.4677753033133547e-13, 1.0697599120763075e-12, 4.881146032360471e-13]}}, "num_edges": 2, "completed": true, "search_time": 0.5458252429962158, "execute_time": 12.642810821533203, "total_time": 13.188636064529419, "avg_pred_error": 0.0}}, "search_time": 0.5458252429962158, "execute_time": 12.642810821533203, "total_time": 13.188636064529419}, "subtask_2": {"obj_name": "pointRobot-vel-v7", "target_state_pos_2d": [3.1284275828777677, -2.4693764671675034, 0.0], "completed": true, "num_hypotheses": 1, "hypotheses": {"hypothesis_1": {"edges": {"edge_0": {"status": "edge:completed", "verb": "identify"}, "edge_1": {"status": "edge:completed", "verb": "driving", "controller_type": "MPC_2th_order", "final_pose_error": null, "avg_pred_error": 0.0, "max_pred_error": 0.0, "min_pred_error": 0.0,