{"completed": true, "subtasks": {"subtask_0": {"obj_name": "box_3", "target_state_pos_2d": [0.09405440453875702, -1.9176058157449638, 1.7605849941618326], "completed": true, "num_hypotheses": 2, "hypotheses": {"hypothesis_1": {"edges": {}, "num_edges": 0, "completed": false, "fail_reason": "pointRobot-vel-v7 deviated to far from pushable object box_3", "search_time": 11.996519327163696, "execute_time": 3.1266720294952393, "total_time": 15.123191356658936, "avg_pred_error": NaN}, "hypothesis_2": {"edges": {"edge_0": {"status": "edge:completed", "verb": "identify"}, "edge_1": {"status": "edge:completed", "verb": "identify"}, "edge_2": {"status": "edge:completed", "verb": "driving", "controller_type": "MPPI", "final_pose_error": null, "avg_pred_error": 2e-10, "max_pred_error": 7e-10, "min_pred_error": 0.0, "pred_error": [0.0, 1.4914336435765172e-10, 4.756373073279696e-10, 1.9397817194594605e-12, 7.159957071679868e-10, 2.1582913234808175e-10, 6.452265388651741e-10, 2.5320101572877475e-10, 1.260676008155408e-10, 3.9698022669272284e-11, 3.0553826136331516e-10, 5.36076072422301e-10, 5.841398476097146e-10, 7.214273625122198e-11, 3.9155789925675453e-11, 6.619349512996858e-10, 9.678391422547253e-11, 2.5363267043566236e-10, 1.8027401794066716e-10, 5.780171896735762e-10, 2.364766160934258e-10, 2.156266276647355e-10, 7.106790711564042e-10, 3.8498537732093123e-11, 3.70827812903491e-10, 3.6641178979942524e-10, 5.2897686238746686e-11, 2.574385388896831e-12, 2.956302003392086e-12, 1.0527256255547968e-13, 8.841816168114747e-13, 7.704947803696547e-12, 9.031708715584081e-11]}, "edge_3": {"status": "edge:completed", "verb": "pushing", "controller_type": "MPPI_4th_order", "final_pose_error": null, "avg_pred_error": 0.5727536994, "max_pred_error": 0.7285766589, "min_pred_error": 0.0, "pred_error": [0.0, 0.7285766588922395, 0.695507620542638, 0.7221964857021508, 0.7013610080884104, 0.67476642136507, 0.6384576737326618, 0.5907003896392494, 0.543486529793605, 0.5368208623348231, 0.5385989617949086, 0.5429430434595222, 0.544917323260975, 0.5602188125477677]}}, "num_edges": 4, "completed": true, "search_time": 23.54034399986267, "execute_time": 17.976107597351074, "total_time": 41.516451597213745, "avg_pred_error": 0.28637685}}, "search_time": 35.53686332702637, "execute_time": 21.102779626846313, "total_time": 56.63964295387268}}, "total_time": 56.63964295387268, "execute_time": 21.102779626846313, "search_time": 35.53686332702637, "hypothesis_success_ratio": 1.0, "total_avg_prediction_error": NaN}