{"completed": true, "subtasks": {"subtask_0": {"obj_name": "box_3", "target_state_pos_2d": [-1.5903260079239978, 2.8054517954282785, 3.4149879781725176], "completed": false, "num_hypotheses": 4, "hypotheses": {"hypothesis_1": {"edges": {}, "num_edges": 0, "completed": false, "fail_reason": "pushing object {self.push_obj.name} deviated to far from path", "search_time": 11.566508054733276, "execute_time": 10.30684518814087, "total_time": 21.873353242874146, "avg_pred_error": NaN}, "hypothesis_2": {"edges": {}, "num_edges": 0, "completed": false, "fail_reason": "pointRobot-vel-v7 deviated to far from pushable object box_3", "search_time": 23.02612018585205, "execute_time": 22.314471006393433, "total_time": 45.34059119224548, "avg_pred_error": NaN}, "hypothesis_3": {"edges": {}, "num_edges": 0, "completed": false, "fail_reason": "pushing object {self.push_obj.name} deviated to far from path", "search_time": 34.71807599067688, "execute_time": 40.85520005226135, "total_time": 75.57327604293823, "avg_pred_error": NaN}, "hypothesis_4": {"edges": {}, "num_edges": 0, "completed": false, "fail_reason": "All possible edges are on the blocklist", "search_time": 34.71807599067688, "execute_time": 71.99244379997253, "total_time": 106.71051979064941, "avg_pred_error": NaN}}, "search_time": 104.02878022193909, "execute_time": 145.4689600467682, "total_time": 249.49774026870728}}, "total_time": 249.49774026870728, "execute_time": 145.4689600467682, "search_time": 104.02878022193909, "hypothesis_success_ratio": 0.0, "total_avg_prediction_error": NaN}