{"completed": true, "subtasks": {"subtask_0": {"obj_name": "pointRobot-vel-v7", "target_state_pos_2d": [2.850946791944403, -2.432188488253014, 0.0], "completed": true, "num_hypotheses": 1, "hypotheses": {"hypothesis_1": {"edges": {"edge_0": {"status": "edge:completed", "verb": "identify"}, "edge_1": {"status": "edge:completed", "verb": "driving", "controller_type": "MPC_2th_order", "final_pose_error": null, "avg_pred_error": 1.3e-09, "max_pred_error": 6.9e-09, "min_pred_error": 0.0, "pred_error": [0.0, 1.6608951290939516e-13, 1.790180836524724e-15, 1.4895204919483639e-15, 1.1322097734007351e-15, 4.965068306494546e-16, 1.4432899320127035e-15, 8.881784197001252e-16, 2.0740677722252305e-15, 1.336885555457667e-15, 1.1102230246251565e-15, 6.661338147750939e-16, 1.0235750533041806e-15, 1.0957406309622475e-13, 1.2947314098277875e-15, 3.765198955416487e-13, 1.1551122306821434e-15, 4.742874840267547e-16, 1.4043333874306805e-15, 6.647127300047414e-12, 4.104323103604205e-09, 6.929057327909189e-11, 6.929101736830387e-11, 6.928813078844188e-11, 2.7721538398139964e-09, 2.892607486870704e-09, 6.92899071454147e-11, 6.928990714536467e-11, 6.928702056596762e-11, 1.919099990033175e-09, 4.81719686362683e-09, 6.891369919159729e-09, 6.929079532511852e-11, 6.929146146186839e-11, 6.927924900432828e-11, 4.016949883833984e-09, 4.130148223424612e-09, 6.928968510289442e-11, 1.2046565966984558e-09, 4.770701389489447e-09, 6.138659802701422e-09, 6.92916835035382e-11, 6.929212759701725e-11, 6.928546628199717e-11, 3.744804466521679e-09, 3.859550901097981e-09, 6.929257168195788e-11, 6.92905732805136e-11, 6.928924101466299e-11, 2.5998343478058536e-09, 2.721328495880507e-09, 6.929301577010044e-11, 2.1237100967104626e-10, 4.705830614071344e-09, 5.097664512732086e-09, 7.42328420968402e-11, 7.205880337416459e-11, 7.022915582551269e-11, 3.3666067711380104e-09, 3.4985605523734154e-09, 8.486078514001107e-11, 7.397815693371615e-10, 4.737272352173999e-09, 5.673891134705417e-09, 8.486189529912596e-11, 8.485967486121104e-11, 8.469625005530709e-11, 3.563054296053631e-09, 3.697112838099088e-09, 7.547562581329491e-11, 7.155742665628223e-11, 6.976863531914749e-11, 2.4033726120365327e-09]}}, "num_edges": 2, "completed": true, "search_time": 0.6081805229187012, "execute_time": 4.605140209197998, "total_time": 5.213320732116699, "avg_pred_error": 0.0}}, "search_time": 0.6081805229187012, "execute_time": 4.605140209197998, "total_time": 5.213320732116699}, "subtask_1": {"obj_name": "pointRobot-vel-v7", "target_state_pos_2d": [-1.3139997764471723, -0.7499386058224489, 0.0], "completed": true, "num_hypotheses": 1, "hypotheses": {"hypothesis_1": {"edges": {"edge_0": {"status": "edge:completed", "verb": "identify"}, "edge_1": {"status": "edge:completed", "verb": "driving", "controller_type": "MPPI", "final_pose_error": null, "avg_pred_error": 0.0051112898, "max_pred_error": 0.0611934161, "min_pred_error": 0.0, "pred_error": [0.0, 1.1750641611931995e-12, 6.475265317044423e-12, 4.592056368653914e-13, 9.312560260362307e-13, 5.116478196939695e-14, 4.2145961189545535e-13, 9.57900837412106e-13, 3.2910576155218694e-14, 4.636427468134552e-15, 5.4244365389175434e-14, 2.1922899135513566e-14, 8.926082647349967e-15, 6.537771485539814e-14, 1.017439296899954e-13, 4.93438869969184e-14, 8.93513670364883e-14, 5.466808519995742e-14, 1.4745433694852054e-13, 3.064537334844551e-14, 2.5625832986396857e-13, 5.253667322859348e-13, 5.214787393099677e-14, 2.2644195468014703e-15, 7.066044073150188e-14, 4.49079380978187e-14, 1.8651958283556138e-13, 8.379058453350832e-15, 5.17892563931115e-15, 5.267085246914977e-13, 1.433965158857421e-12, 6.43041329208594e-13, 1.270126194981022e-13, 5.9580819677934555e-15, 9.017745084815161e-14, 1.8612636532207639e-13, 2.3714738035520753e-13, 0.0001421168093613141, 1.9251269295854593e-12, 0.00015226970781300354, 2.3914935841127266e-15, 0.0022173578640713064, 0.0004733567026712324, 4.021398830883446e-15, 0.00010525620996971986, 1.0709495700373043e-11, 0.00024373431541104945, 4.440892098500626e-15, 5.0850432957145086e-11, 0.0005434872702998019, 3.3820826609804605e-15, 4.6040135909830936e-05, 5.4615733595489366e-05, 5.944332476128976e-05, 0.00031152151270094007, 2.044564743148829e-05, 1.6784228379109946e-05, 0.00032924193912500083, 0.00163537818012496, 0.0010587522037316232, 0.05200012948420788, 0.030712749305676468, 0.06119341609263357, 0.050978196867963954, 0.04291848312962602, 0.0565287260025657, 0.05160550868426299, 0.048441425797465874, 8.636509748064132e-05, 0.00010268968726456425, 1.2315296507091669e-05, 0.0013768448264183557, 2.0471501066083613e-15, 0.0001406110854429669, 0.00017962605930243038, 1.1957467920563633e-15, 9.304331347017118e-14, 0.00010500513243583097, 1.2560739669470201e-15]}}, "num_edges": 2, "completed": true, "search_time": 2.322294235229492, "execute_time": 5.260324478149414, "total_time": 7.582618713378906, "avg_pred_error": 0.00511129}}, "search_time": 2.322294235229492, "execute_time": 5.260324478149414, "total_time": 7.582618713378906}, "subtask_2": {"obj_name": "pointRobot-vel-v7", "target_state_pos_2d": [-3.7113029178337706, -2.7768619291393026, 0.0], "completed": true, "num_hypotheses": 1, "hypotheses": {"hypothesis_1": {"edges": {"edge_0": {"status": "edge:completed", "verb": "identify"}, "edge_1": {"status": "edge:completed", "verb": "driving", "controller_type": "MPPI", "final_pose_error": null, "avg_pred_error": 0.0, "max_pred_error": 0.0, "min_pred_error": 0.0,