{"completed": true, "subtasks": {"subtask_0": {"obj_name": "pointRobot-vel-v7", "target_state_pos_2d": [-1.1173833415973589, 4.2385973982406995, 0.0], "completed": true, "num_hypotheses": 1, "hypotheses": {"hypothesis_1": {"edges": {"edge_0": {"status": "edge:completed", "verb": "identify"}, "edge_1": {"status": "edge:completed", "verb": "driving", "controller_type": "MPC_2th_order", "final_pose_error": null, "avg_pred_error": 0.0, "max_pred_error": 0.0, "min_pred_error": 0.0, "pred_error": [0.0, 7.748266851140157e-13, 2.6113852161422536e-14, 2.6993035759921505e-14, 2.6815276262992264e-14, 2.6261409832479854e-14, 2.8869214508988616e-14, 2.6025673761603006e-14, 2.937793617867605e-14, 7.2275604173633e-13, 1.3318238364984974e-12, 7.109902922413978e-13, 7.760484672577888e-13, 2.6202204231231422e-14, 2.7605958383111312e-14, 2.1960222652795818e-13, 1.5156767334521763e-12, 1.1897153247218361e-12, 2.864461466040353e-14, 2.7977620220553945e-14, 2.9539444287047644e-14, 1.2230220064319027e-12, 1.299849159902841e-12, 1.3202775989873816e-12, 2.6212786467660117e-14, 3.2421553883288786e-14, 2.620502657878619e-14, 1.6417978097541308e-12, 1.1910472724603072e-12, 3.2420223234047754e-14, 3.019827035422946e-14, 3.241880935938482e-14, 1.1706191782236235e-12, 1.4219736510234255e-12, 6.923350920651914e-13, 5.293543497837139e-13, 7.829292821622051e-13, 4.196643033656744e-13, 1.345590450763794e-13, 1.9717560993652055e-13, 4.085620763765343e-14, 4.467537451630498e-13, 3.477218513818329e-13, 1.4610535069976008e-13, 2.717825978454961e-13, 1.6875412799595837e-14, 1.54543046249107e-12, 3.1975627755592336e-14, 3.464055961450328e-14, 2.931178021462495e-14, 9.579004320804227e-13, 1.5720758273709655e-12, 7.873702003733264e-13, 6.639135172506463e-13, 1.5294433837875927e-12, 3.5975509010712645e-14, 3.197924142248426e-14, 3.464055961450328e-14, 1.1151082048981892e-12, 1.6058266173587803e-12, 1.7177372395044807e-12, 3.2874601748960947e-14, 3.375151035058605e-14, 8.801849259533946e-13, 1.7044149080926953e-12]}}, "num_edges": 2, "completed": true, "search_time": 0.6450209617614746, "execute_time": 4.133938789367676, "total_time": 4.77895975112915, "avg_pred_error": 0.0}}, "search_time": 0.6450209617614746, "execute_time": 4.133938789367676, "total_time": 4.77895975112915}, "subtask_1": {"obj_name": "pointRobot-vel-v7", "target_state_pos_2d": [1.9947716312310115, 0.6885982375757349, 0.0], "completed": true, "num_hypotheses": 1, "hypotheses": {"hypothesis_1": {"edges": {"edge_0": {"status": "edge:completed", "verb": "identify"}, "edge_1": {"status": "edge:completed", "verb": "driving", "controller_type": "MPPI", "final_pose_error": null, "avg_pred_error": 0.0, "max_pred_error": 0.0, "min_pred_error": 0.0, "pred_error": [0.0, 3.8858211884179666e-13, 5.1780804915441466e-12, 9.920959160128941e-13, 7.50199907457382e-12, 4.207745849198973e-12, 7.811560759556575e-13, 2.895475270558764e-13, 1.0698127730291443e-12, 8.881784474557004e-13, 1.828315290436106e-12, 1.7332803140489816e-12, 3.2196590221264705e-13, 6.536999202810923e-13, 1.0986775129300532e-12, 4.138912031415751e-13, 5.382383665963118e-13, 3.655298832552492e-12, 1.376232532975747e-12, 4.797448274644426e-14, 3.419559007489739e-14, 8.883144116095583e-14, 1.176844785114532e-13, 4.4204640297023245e-12, 2.5002224979529597e-12, 2.1760371282653068e-13, 5.853102524654694e-13, 3.6370948648685105e-13, 6.626699190312656e-12, 2.2781776898143695e-12, 9.916512304546392e-13, 4.31477087859905e-12, 6.12844115229059e-14, 2.2721824666090814e-12, 3.277378368693462e-13, 5.574651868936405e-12, 3.953282245858163e-12, 8.280043615381155e-13, 3.4288128054290063e-12, 9.548331109081597e-14, 1.2203572294702273e-12, 3.708150885481053e-13, 3.502531626240684e-12, 1.7452794227977112e-13, 7.92255531544843e-13, 2.811084917589242e-13, 1.101563307412097e-12, 2.5095481273185146e-12, 4.787503747385475e-12, 1.6893275538371625e-14, 1.9728663928556255e-12, 6.483708547221894e-13, 4.727330160330179e-13, 1.691313886894308e-12, 9.172663452512317e-13, 9.852119370742933e-13, 9.932055426502107e-13, 8.657519146026971e-13, 1.9319156704750114e-14, 9.214857792476882e-14, 2.4336098829553444e-13, 9.325888275897827e-14, 8.673062339430544e-13, 9.3702824306043e-13, 2.766453733317903e-12, 8.153477900228701e-13, 6.239453400804862e-14, 3.671507552926614e-13, 9.392486788328824e-14, 3.583800310417154e-13, 1.2867495631940333e-13, 1.3657548324272444e-14, 2.7418067866717896e-12, 8.589795702957031e-13, 2.2271098779268863e-13, 4.973827029727001e-14, 3.2474046718537425e-13, 3.3806307507068853e-13, 5.486723984901639e-13, 4.779523015570266e-13, 3.2873823742507706e-13, 3.238520753133774e-13, 2.788325305378655e-12, 8.570366926235066e-13, 4.26159238157449e-13, 7.013841075443337e-13, 4.0389927368691016e-13, 1.0036971499734703e-12, 8.100742603494046e-13, 1.8540724511240114e-13, 2.7733806707586586e-13, 1.909326704802103e-13, 7.732877833145457e-14, 1.5474990212395013e-12, 2.295817002050497e-12, 3.943931017340345e-13, 1.7479213085962573e-12, 3.010231772330196e-13, 8.287370816388659e-12, 6.559808346099517e-12, 2.2394311381741588e-12, 4.848143917427931e-13, 4.2438906693044326e-13, 5.852818651264799e-13, 1.057376781680409e-12, 1.1061154000163242e-12, 4.0101409334523945e-13, 6.399627723080375e-13, 4.829472198908469e-13, 3.713976228169835e-13, 3.4717229091540958e-12, 2.6557546555090605e-14, 1.2469406032076074e-13, 1.8968277343545367e-13, 1.2850850693141086e-12, 4.51039206530774e-12, 6.28664415104486e-13, 2.139024091767313e-14, 6.2063353831181824e-15, 3.736455694938693e-12, 6.71241428302019e-13, 1.0492723679305065e-12, 2.6115776585836273e-12, 1.0521602582526854e-12, 2.4336098829553444e-13]}}, "num_edges": 2, "completed": true, "search_time": 0.6531474590301514, "execute_time": 8.637808799743652, "total_time": 9.290956258773804, "avg_pred_error": 0.0}}, "search_time": 0.6531474590301514, "execute_time": 8.637808799743652, "total_time": 9.290956258773804}, "subtask_2": {"obj_name": "pointRobot-vel-v7", "target_state_pos_2d": [-1.2024744597965664, -3.2519660727018374, 0.0], "completed": true, "num_hypotheses": 1, "hypotheses": {"hypothesis_1": {"edges": {"edge_0": {"status": "edge:completed", "verb": "identify"}, "edge_1": {"status": "edge:completed", "verb": "driving", "controller_type": "MPPI", "final_pose_error": null, "avg_pred_error": 0.0, "max_pred_error": 0.0, "min_pred_error": 0.0,