{"completed": true, "subtasks": {"subtask_0": {"obj_name": "cylinder_0", "target_state_pos_2d": [1.2292502061275112, -2.0084353403905086, 0.0], "completed": true, "num_hypotheses": 2, "hypotheses": {"hypothesis_1": {"edges": {}, "num_edges": 0, "completed": false, "fail_reason": "pushing object {self.push_obj.name} deviated to far from path", "search_time": 3.210833787918091, "execute_time": 10.97718095779419, "total_time": 14.18801474571228, "avg_pred_error": NaN}, "hypothesis_2": {"edges": {"edge_0": {"status": "edge:completed", "verb": "driving", "controller_type": "MPC_2th_order", "final_pose_error": null, "avg_pred_error": 2e-10, "max_pred_error": 1.18e-08, "min_pred_error": 0.0, "pred_error": [0.0, 2.927519666993919e-14, 3.086435296450706e-14, 3.119727933875076e-14, 1.652844533736809e-12, 1.3147261245117102e-12, 5.481726437048913e-13, 1.368906790210011e-13, 1.3428157809425993e-13, 5.817571297468006e-14, 4.102277118210239e-13, 3.333999742949345e-13, 1.443295162861706e-13, 2.7711171698653484e-13, 1.3995857370225395e-14, 4.813927322828384e-13, 3.711475737373798e-13, 1.5876251362397246e-13, 4.307722563156431e-14, 3.11306615293402e-13, 3.286935219177208e-14, 3.197924142248426e-14, 3.2018862826929893e-13, 1.713962362948277e-12, 1.4692692556535786e-12, 3.0652009135941956e-14, 3.1317933363717396e-14, 3.376246448416291e-14, 1.413091883188264e-12, 1.5216724713775056e-12, 1.7144063946261667e-12, 3.554447978966673e-14, 1.2192474311172107e-12, 1.5962802091411282e-12, 1.7257310265999983e-12, 2.401779625492033e-15, 1.1102230246251565e-15, 1.790180836524724e-15, 2.7012892057857038e-15, 3.0847422370805075e-15, 2.886579864025407e-15, 2.9754805573064274e-14, 1.7577052188120008e-12, 1.3593570713510417e-12, 2.976723050250899e-14, 2.578109028833495e-14, 3.113695637850019e-14, 1.2456705502705333e-12, 1.0746962548529648e-12, 3.2874601748960947e-14, 3.1558467846863656e-14, 2.8435583831733384e-14, 8.784124983308401e-13, 8.228977851711952e-13, 2.664905307745879e-14, 2.983671448973415e-14, 3.354564176309306e-14, 6.177359126963747e-13, 1.870951214191574e-12, 1.8136647369432195e-12, 3.419486915845482e-14, 2.745103604078308e-14, 2.714762053482276e-14, 1.6635619737017814e-12, 1.3717941569893031e-12, 3.3318531013120445e-14, 4.734124285206458e-13, 2.7847261828676893e-13, 3.5662133227437106e-13, 5.4025784115714076e-15, 6.1854469444995704e-15, 6.676124710113433e-15, 2.1849911208967335e-13, 1.7944721271483072e-13, 1.9788348097760257e-13, 1.929567821212417e-12, 1.1399770881847588e-12, 1.2549999570606764e-12, 1.8918408831050593e-13, 8.819651957307728e-13, 7.140954494389007e-13, 3.9568572884484637e-13, 1.723117638640344e-13, 6.17539539710995e-14, 1.164854462697793e-12, 1.9785657032707482e-14, 1.1192457806447013e-13, 2.754785274431772e-14, 1.430305109769339e-13, 5.906388160513904e-13, 4.7207330545682824e-15, 1.1192457806447013e-13, 0.0, 4.051933808678556e-15, 4.440892098500626e-16, 2.2315206618374916e-15, 1.2256568713361539e-11, 8.220123173381444e-11, 1.1957467920563633e-15, 2.886579864025407e-15, 1.1803382598722153e-08, 1.4217791915866692e-15, 8.628333341721838e-11, 4.779631273407953e-11, 2.0923376715784257e-10, 8.79230403439167e-12, 8.562765234017721e-11, 1.1034819712153898e-08, 1.88411095042053e-15, 9.930136612989092e-16, 8.881784197001252e-16, 1.88411095042053e-15, 1.1731663115636727e-11, 2.3895922609338245e-13, 1.831026719408895e-15, 6.170178287378455e-12, 1.0590425811816146e-12, 1.8759815927177263e-10, 1.2855960744168346e-10, 6.859879334838292e-11, 2.6359581188206105e-11, 3.1989985959251536e-12, 6.117273354533381e-12, 7.644496198804404e-12, 5.631584088013649e-10, 3.364836192147161e-11, 1.6975496008933357e-10, 2.6651134375294657e-15, 3.999211501054847e-15, 4.518280359883027e-16, 1.4079015731027766e-14, 3.552740783751416e-15, 1.9810990408750426e-13, 3.1049030021849168e-12]}, "edge_1": {"status": "edge:completed", "verb": "pushing", "controller_type": "MPPI_5th_order", "final_pose_error": null, "avg_pred_error": 2.3225713571, "max_pred_error": 3.5920226477, "min_pred_error": 0.0, "pred_error": [0.0, 3.5482248307273503, 3.479898927807624, 3.4412393384530353, 3.3879902301903493, 3.2957038649073818, 3.3009684006940834, 3.3038227612831848, 3.417734924852693, 3.471775522008137, 3.5098498325740097, 3.579004061721522, 3.5920226477018735, 3.4025074737014798, 3.4480854214205965, 3.327285983724104, 3.354837341823836, 3.378135808974117, 3.3606492718914636, 3.36545296494654, 3.3719836184754644, 3.3208171620390097, 3.3402114430122003, 3.299746836877663, 3.281411232440259, 3.258468016170289, 3.1764114983691973, 3.1480885662548808, 3.0586781115833674, 3.021343584092235, 2.9754875323342174, 2.942074666818916, 2.870053563304091, 2.7602787090034195, 2.621073655088652, 2.7028954011882256, 2.7244287252319443, 0.0, 1.8279629643491533, 1.7816227025037326, 1.712697437032932, 1.7263063803048313, 1.747875658732218, 1.7079994387779547, 1.7385707700333364, 1.7344305798105588, 1.574406375087122, 1.4599978167123178, 1.3775133266184425, 1.3930972860568633, 1.339281121306708, 1.2555311467783297, 1.342253186920563, 1.5601068723784368, 1.8268420896899273, 1.9261779996000148, 1.6257568248090113, 1.9277293575541479, 1.8065007607698202, 1.7782505880821335, 1.7564911350036345, 1.8745091442908595, 1.6815643623347292, 1.8389617400636813, 1.6000599788818262, 1.982036982469114, 2.026357885719447, 1.0958729721506884, 1.7619557532084045, 2.987172989442255, 2.1930548970341652, 2.0160631754837293, 1.8149255742468695, 2.032078240549456, 1.9748948497991452, 1.9898962023627482, 1.7153118981599267, 1.9787168087381766, 2.0099587027571904, 1.9908676434514436, 1.9709883074690624, 1.9365439260345516, 1.7811876656909456, 1.9635808458057422, 1.8723553713974637, 1.8939060102612357, 1.7518098986995023, 2.0531254125493454, 1.8146174409800238, 2.074668461651691, 2.0808615374042527, 1.9682639520936207, 1.9421698379188022, 2.0335583042254024, 2.1763384004335835]}}, "num_edges": 2, "completed": true, "search_time": 6.298871040344238, "execute_time": 33.019554138183594, "total_time": 39.31842517852783, "avg_pred_error": 1.16128568}}, "search_time": 9.509704828262329, "execute_time": 43.99673509597778, "total_time": 53.50643992424011}}, "total_time": 53.50643992424011, "execute_time": 43.99673509597778, "search_time": 9.509704828262329, "hypothesis_success_ratio": 1.0, "total_avg_prediction_error": NaN}