{"completed": true, "subtasks": {"subtask_0": {"obj_name": "pointRobot-vel-v7", "target_state_pos_2d": [3, -1, 0], "completed": false, "num_hypotheses": 1, "hypotheses": {"hypothesis_1": {"edges": {"edge_0": {"status": "edge:failed", "verb": "identify"}, "edge_1": {"status": "edge:failed", "verb": "driving", "controller_type": "MPC_2th_order", "final_pose_error": null, "avg_pred_error": 0.048241665, "max_pred_error": 0.0763675314, "min_pred_error": 0.0, "pred_error": [0.0, 2.222528692289288e-14, 0.07636753144646792, 0.07636753124257868, 0.07636752817351515, 0.06791014289435982, 0.054585215951777157, 0.036778540861053366, 0.025265076441099193, 0.027242324731881436, 0.0232195181262442, 0.07058012062654004, 0.07172706977991551, 0.05759135534951988, 0.03910252848264935, 0.024218520210292343, 0.02759581332087344, 0.024797972980217055, 0.07636752708851127, 0.0763675284980256, 0.07380852742577206, 0.06320166131271975, 0.05402256850833527, 0.03168042569683871, 0.024310315128725012, 0.028451431738126233, 0.06393732470207487, 0.07636750376889224, 0.047701004231063444, 0.005973331514357607, 0.03168830198532878, 0.033343193260587226, 0.07636752000222932, 0.07636752813923085, 0.06906293738173547, 0.047964517434308115]}}, "num_edges": 2, "completed": false, "fail_reason": "prediction error is high for to long for controller MPC_2th_order", "search_time": 6.886883020401001, "execute_time": 0.007715940475463867, "total_time": 6.894598960876465, "avg_pred_error": 0.04824166}}, "search_time": 6.886883020401001, "execute_time": 0.007715940475463867, "total_time": 6.894598960876465}}, "total_time": 6.894598960876465, "execute_time": 0.007715940475463867, "search_time": 6.886883020401001, "hypothesis_success_ratio": 1.0, "total_avg_prediction_error": 0.04824166}
