{"completed": true, "subtasks": {"subtask_0": {"obj_name": "cylinder_1", "target_state_pos_2d": [2.237208257420794, 3.285177788383178, 0.0], "completed": true, "num_hypotheses": 1, "hypotheses": {"hypothesis_1": {"edges": {"edge_0": {"status": "edge:completed", "verb": "identify"}, "edge_1": {"status": "edge:completed", "verb": "identify"}, "edge_2": {"status": "edge:completed", "verb": "driving", "controller_type": "MPC_2th_order", "final_pose_error": null, "avg_pred_error": 0.0, "max_pred_error": 0.0, "min_pred_error": 0.0, "pred_error": [0.0, 5.135250311671499e-16, 2.830524433501838e-16, 9.180605055836266e-16, 8.333897564733124e-16, 8.3408275618267e-16, 1.6711069443220838e-16, 1.9428947538064128e-14, 9.348082914934517e-14, 4.4930725806580085e-13, 3.72923915004471e-13, 1.5987226974359048e-13, 4.1744976265890864e-14, 8.337812334984524e-14, 7.260884575329309e-14, 4.2843510925646073e-13, 3.5160764942677884e-13, 1.5076845025255319e-13, 3.9747379788816886e-14, 6.667118051786499e-15, 1.159106867033638e-15, 7.021666937153402e-16, 1.5543122344752192e-15, 3.2200343690522596e-14, 1.0791419198448218e-13, 4.578562479307001e-13, 3.8813397337857364e-13, 1.703087909715733e-13, 4.707348897472688e-14, 6.2616800042528e-14, 1.621391310426984e-14, 1.6326319374041212e-15, 7.805152125569036e-14]}, "edge_3": {"status": "edge:completed", "verb": "pushing", "controller_type": "MPPI_4th_order", "final_pose_error": null, "avg_pred_error": 0.795137216, "max_pred_error": 0.9751303388, "min_pred_error": 0.0, "pred_error": [0.0, 0.975130338791396, 0.9229122313520324, 0.8851236720777995, 0.8199023141111383, 0.817249458703859, 0.8107750319043847, 0.819392478786209, 0.8994875798250167, 0.8440197990004095, 0.811212823422512, 0.8230965855507738, 0.8346950942709215, 0.8107364537055447, 0.8312996534799091, 0.8171619402986862]}}, "num_edges": 4, "completed": true, "search_time": 2.7470905780792236, "execute_time": 4.001018285751343, "total_time": 6.748108863830566, "avg_pred_error": 0.39756861}}, "search_time": 2.7470905780792236, "execute_time": 4.001018285751343, "total_time": 6.748108863830566}}, "total_time": 6.748108863830566, "execute_time": 4.001018285751343, "search_time": 2.7470905780792236, "hypothesis_success_ratio": 1.0, "total_avg_prediction_error": 0.39756861}