{"completed": true, "subtasks": {"subtask_0": {"obj_name": "box_4", "target_state_pos_2d": [0.7898481072144159, -3.28811303527306, 0.5723700935478955], "completed": true, "num_hypotheses": 1, "hypotheses": {"hypothesis_1": {"edges": {"edge_0": {"status": "edge:completed", "verb": "identify"}, "edge_1": {"status": "edge:completed", "verb": "identify"}, "edge_2": {"status": "edge:completed", "verb": "driving", "controller_type": "MPC_2th_order", "final_pose_error": null, "avg_pred_error": 0.0, "max_pred_error": 0.0, "min_pred_error": 0.0, "pred_error": [0.0, 6.723802514633295e-15, 3.076706808935179e-14, 3.0891968129004513e-14, 1.9356751169902086e-13, 1.6699142152181507e-12, 1.1811662788336624e-12, 6.147305789643738e-13, 3.2401863253283685e-13, 6.380453267985038e-13, 3.806957341635397e-13, 1.3422637691092174e-13, 3.108802892530397e-14, 2.4525628233156873e-15, 4.47545209131181e-16, 7.850462293418876e-16, 9.238896857051836e-16]}, "edge_3": {"status": "edge:completed", "verb": "pushing", "controller_type": "MPPI_4th_order", "final_pose_error": null, "avg_pred_error": 0.8563820441, "max_pred_error": 1.0310483624, "min_pred_error": 0.0, "pred_error": [0.0, 1.031048362409688, 0.9691078454602106, 0.9279347471728415, 0.8943703190073579, 0.8974160891001306, 0.9046966011308445, 0.8647694849016041, 0.8856792954011204, 0.8470091351802331, 0.8644484230183129, 0.8752718576339592, 0.8923955105581234, 0.8948217947035428, 0.8934235515243535, 0.8938366539165008, 0.8810195046084112, 0.8768497964340897, 0.911347782655097, 0.8578365571507582, 0.843970574788007, 0.8383227018584749, 0.889977289138953, 0.8874995986123199, 0.88649762520914]}}, "num_edges": 4, "completed": true, "search_time": 13.970660209655762, "execute_time": 4.4390153884887695, "total_time": 18.40967559814453, "avg_pred_error": 0.42819102}}, "search_time": 13.970660209655762, "execute_time": 4.4390153884887695, "total_time": 18.40967559814453}}, "total_time": 18.40967559814453, "execute_time": 4.4390153884887695, "search_time": 13.970660209655762, "hypothesis_success_ratio": 1.0, "total_avg_prediction_error": 0.42819102}