{"completed": true, "subtasks": {"subtask_0": {"obj_name": "pointRobot-vel-v7", "target_state_pos_2d": [-1.2021112863999939, -1.5267203706529608, 0.0], "completed": true, "num_hypotheses": 1, "hypotheses": {"hypothesis_1": {"edges": {"edge_0": {"status": "edge:completed", "verb": "identify"}, "edge_1": {"status": "edge:completed", "verb": "driving", "controller_type": "MPC_2th_order", "final_pose_error": null, "avg_pred_error": 0.0, "max_pred_error": 0.0, "min_pred_error": 0.0, "pred_error": [0.0, 4.880548497941763e-13, 2.7534426337295802e-14, 2.9585308484943825e-14, 2.664743417786612e-14, 2.953214114283028e-14, 2.888714119299626e-14, 2.8435583831733384e-14, 1.2723233364448147e-13, 1.5734083211841652e-12, 1.1994850020471843e-12, 2.931745657530456e-14, 2.909679357099462e-14, 2.864638961796178e-14, 1.2094770254473895e-12, 9.807710765081248e-13, 2.9532767197385704e-14, 2.7999825919151996e-13, 1.6144863376790955e-12, 1.3302692281058626e-12, 3.1086257080383887e-14, 7.281952818934818e-13, 1.5376588891058418e-12, 1.4666046157924697e-12, 3.1419323856419403e-14, 9.103828907702105e-13, 1.5252243952707412e-12, 7.50177716223766e-13, 6.455948821300434e-13, 8.739120608858613e-13, 4.705680420842584e-13, 1.5648597470448748e-13, 3.2810095919931933e-14, 3.849929460653035e-15, 8.326672684688674e-17, 6.871957671317179e-16, 1.1796119636642288e-15, 1.160787981218758e-15, 7.801936913265439e-16, 2.6945789820192466e-16, 1.2412670766236366e-16, 1.0007415106216802e-16, 1.25234387472012e-13, 1.0058718635564357e-13, 4.825030063328953e-13, 4.1000545694063284e-13, 1.854630553357415e-13, 5.562228433431105e-14, 3.983480367068412e-13, 3.219665913132339e-14, 3.3087626464088283e-14, 3.2674016397346194e-13, 1.7343907644089762e-12, 1.4943601952696176e-12, 3.2864289324620455e-14, 3.342066366982326e-14, 3.3975726973402965e-14, 1.428635143387724e-12, 1.5396573065614595e-12, 8.006929685125125e-13, 5.437879628005828e-13, 1.783023707915637e-13, 7.134293501782183e-13, 6.321623940847362e-13, 3.0553410253929565e-13, 1.0658719261875217e-13]}}, "num_edges": 2, "completed": true, "search_time": 0.6306488513946533, "execute_time": 4.216283798217773, "total_time": 4.846932649612427, "avg_pred_error": 0.0}}, "search_time": 0.6306488513946533, "execute_time": 4.216283798217773, "total_time": 4.846932649612427}, "subtask_1": {"obj_name": "pointRobot-vel-v7", "target_state_pos_2d": [1.1855474811105937, 2.0520088301845774, 0.0], "completed": true, "num_hypotheses": 1, "hypotheses": {"hypothesis_1": {"edges": {"edge_0": {"status": "edge:completed", "verb": "identify"}, "edge_1": {"status": "edge:completed", "verb": "driving", "controller_type": "MPC_2th_order", "final_pose_error": null, "avg_pred_error": 0.0, "max_pred_error": 0.0, "min_pred_error": 0.0, "pred_error": [0.0, 2.9089750054287306e-14, 3.789423922623494e-15, 1.7558730833216015e-14, 1.821307252073179e-14, 1.0464993089230197e-14, 5.590940293848844e-15, 7.447602459741819e-16, 1.0235750533041806e-15, 1.6653345369377348e-15, 1.616509124176106e-15, 2.0014830212433605e-15, 1.336885555457667e-15, 1.1801832636420706e-15, 3.1401849173675503e-16, 8.95090418262362e-16, 1.4130832128153975e-15, 9.155133597044475e-16, 8.881784197001252e-16, 1.0934428697813141e-15, 1.5700924586837752e-16, 1.1801832636420706e-15, 1.2658490090568385e-15, 5.978733960281817e-16, 7.108895957933346e-16, 5.551115123125783e-16, 6.684427777288335e-16, 9.305364597889227e-16, 7.021666937153402e-16, 6.753223014464259e-16, 2.3714374201337736e-16, 9.995861419348e-16, 2.2215299868541707e-16, 7.772800161809615e-16, 3.3335590258932494e-16, 2.7755575615628914e-17, 1.1443916996305594e-16, 8.881784197001252e-16, 2.9893669801409083e-16, 8.326672684688674e-16, 7.021666937153402e-16, 1.047382306668854e-15, 5.551115123125783e-16, 5.551115123125783e-16, 1.1102230246251565e-15, 1.2008898127460164e-15, 3.510833468576701e-16, 1.0235750533041806e-15, 5.551115123125783e-16, 9.485749680535094e-16, 4.710277376051325e-16, 1.7798229048217483e-15, 1.1322097734007351e-15, 4.577566798522237e-16, 1.355199909595506e-15, 1.3506446028928519e-15, 7.771561172376096e-16, 7.447602459741819e-16, 1.3732700395566711e-15, 1.6504651808933464e-15, 1.831026719408895e-15, 8.95090418262362e-16, 8.95090418262362e-16, 4.965068306494546e-16, 4.2943449554708455e-13, 3.442335961603853e-14, 3.4439834027539e-13, 1.755928960374958e-12, 1.232349177658354e-12]}}, "num_edges": 2, "completed": true, "search_time": 0.9630780220031738, "execute_time": 4.374096393585205, "total_time": 5.337174415588379, "avg_pred_error": 0.0}}, "search_time": 0.9630780220031738, "execute_time": 4.374096393585205, "total_time": 5.337174415588379}, "subtask_2": {"obj_name": "pointRobot-vel-v7", "target_state_pos_2d": [0.9545439813757861, -1.8826171347152187, 0.0], "completed": true, "num_hypotheses": 1, "hypotheses": {"hypothesis_1": {"edges": {"edge_0": {"status": "edge:completed", "verb": "identify"}, "edge_1": {"status": "edge:completed", "verb": "driving", "controller_type": "MPPI", "final_pose_error": null, "avg_pred_error": 0.0, "max_pred_error": 0.0, "min_pred_error": 0.0, "pred_error": [0.0, 1.873504566503079e-15, 2.2394586185712062e-12, 4.922853791279437e-12, 1.0480782911892798e-12, 1.3881673591175426e-12, 7.183698166628206e-13, 1.9579338247175066e-12, 7.348566283860282e-13, 3.2973631307615625e-13, 1.232660080494474e-14, 4.056699424247312e-12, 9.923174651764385e-13, 5.014878907681247e-13, 2.6678673719720096e-13, 6.145861609701591e-12, 1.3498091944315793e-12, 5.589972928987663e-13, 3.3552050192512484e-12, 2.646773786344642e-13, 4.016342838435559e-12, 5.834333020932976e-12, 7.400746765426348e-13, 1.4455113373557237e-13, 9.181546091737897e-14, 3.089528673321481e-12, 4.3654004622722494e-13, 1.478595025237816e-12, 2.375881423060657e-13, 2.4888980069379617e-12, 8.999467906093077e-13, 6.091127618492188e-12, 4.190203741011071e-12, 7.025492703396781e-13, 7.855939377445953e-13, 2.4398262426897396e-12, 6.772367821362311e-13, 5.411236247298797e-13, 1.0491613456901983e-12, 2.2655351518152723e-14, 1.0325456134170805e-13, 4.30779409660086e-14, 1.6360247432637124e-12, 6.477043504440204e-13, 7.807092177260996e-13, 2.1589397193777567e-12, 3.663737495203192e-13, 2.2857271873648527e-12]}}, "num_edges": 2, "completed": true, "search_time": 0.9886958599090576, "execute_time": 3.2846314907073975, "total_time": 4.273327350616455, "avg_pred_error": 0.0}}, "search_time": 0.9886958599090576, "execute_time": 3.2846314907073975, "total_time": 4.273327350616455}}, "total_time": 14.45743441581726, "execute_time": 11.875011682510376, "search_time": 2.5824227333068848, "hypothesis_success_ratio": 1.0, "total_avg_prediction_error": 0.0}