{"completed": true, "subtasks": {"subtask_0": {"obj_name": "cylinder_4", "target_state_pos_2d": [-0.7760029839702587, 4.991972842363071, 0.0], "completed": false, "num_hypotheses": 4, "hypotheses": {"hypothesis_1": {"edges": {}, "num_edges": 0, "completed": false, "fail_reason": "pointRobot-vel-v7 deviated to far from pushable object cylinder_4", "search_time": 1.6406102180480957, "execute_time": 3.0994415283203125e-06, "total_time": 1.640613317489624, "avg_pred_error": NaN}, "hypothesis_2": {"edges": {}, "num_edges": 0, "completed": false, "fail_reason": "pointRobot-vel-v7 deviated to far from pushable object cylinder_4", "search_time": 3.2903971672058105, "execute_time": 0.00021266937255859375, "total_time": 3.290609836578369, "avg_pred_error": NaN}, "hypothesis_3": {"edges": {}, "num_edges": 0, "completed": false, "fail_reason": "pointRobot-vel-v7 deviated to far from pushable object cylinder_4", "search_time": 4.956857681274414, "execute_time": 0.0004260540008544922, "total_time": 4.9572837352752686, "avg_pred_error": NaN}, "hypothesis_4": {"edges": {}, "num_edges": 0, "completed": false, "fail_reason": "All possible edges are on the blocklist", "search_time": 4.956857681274414, "execute_time": 0.0006392002105712891, "total_time": 4.957496881484985, "avg_pred_error": NaN}}, "search_time": 14.844722747802734, "execute_time": 0.0012810230255126953, "total_time": 14.846003770828247}}, "total_time": 14.846003770828247, "execute_time": 0.0012810230255126953, "search_time": 14.844722747802734, "hypothesis_success_ratio": 0.0, "total_avg_prediction_error": NaN}