{"completed": true, "subtasks": {"subtask_0": {"obj_name": "pointRobot-vel-v7", "target_state_pos_2d": [-2.7314733751248657, 2.8980770269781657, 0.0], "completed": true, "num_hypotheses": 2, "hypotheses": {"hypothesis_1": {"edges": {}, "num_edges": 0, "completed": false, "fail_reason": "", "search_time": 18.002479553222656, "execute_time": 3.5462284088134766, "total_time": 21.548707962036133, "avg_pred_error": NaN}, "hypothesis_2": {"edges": {"edge_0": {"status": "edge:completed", "verb": "identify"}, "edge_1": {"status": "edge:completed", "verb": "driving", "controller_type": "MPC_2th_order", "final_pose_error": null, "avg_pred_error": 1e-10, "max_pred_error": 5.6e-09, "min_pred_error": 0.0, "pred_error": [0.0, 5.598801200434895e-09, 1.6486367832454887e-11, 1.6485923761189163e-11, 1.648381435090513e-11, 1.6483925354139567e-11, 1.6485146581146637e-11, 1.6483925339184452e-11, 1.6483592292840833e-11, 1.6483703309534888e-11, 1.648470249343223e-11, 1.3986034588408232e-11, 1.3604895010558444e-11, 1.3671397347987434e-11, 1.3663514768121282e-11, 1.3619994028736411e-11, 1.4750978220442354e-11, 1.5083712057162302e-11, 1.447725273677202e-11, 1.390138004711545e-11, 1.3645473640165695e-11, 1.3583689729980722e-11, 1.632727286709802e-11, 1.6484702491936787e-11, 1.5481171899984328e-11, 1.4338752407665686e-11, 1.375621838687001e-11, 1.3585577109122391e-11, 1.3578804747736769e-11, 1.3578471683212255e-11, 1.3578471683212255e-11, 1.3578027600357005e-11, 1.3577694526073895e-11, 1.3578027602512998e-11, 1.614119950682677e-11, 1.6474377421174624e-11, 1.5315193559406285e-11, 1.421185391982702e-11, 1.3707923692240284e-11, 1.6344148266446125e-11, 1.6484702497918553e-11, 1.648436942652487e-11, 1.6102896818262574e-11, 1.485322976388892e-11, 1.6397328036117014e-11, 1.6483037194789657e-11, 1.5602630399991062e-11, 1.643551973343911e-11, 1.6481482899011775e-11, 1.6483481252591908e-11, 1.5627499351412606e-11, 1.4453549468385063e-11, 1.6380452551429443e-11, 1.6483037181329325e-11, 1.6480594680208e-11, 1.648392533731506e-11, 1.5713874671040317e-11, 1.6442847205347496e-11, 1.6481482858626973e-11, 1.6483037278542825e-11, 1.648059467272893e-11, 1.6483037306959077e-11, 1.6483703674070773e-11, 1.6478374226680484e-11, 1.648015058351924e-11, 1.6481927227531057e-11, 1.6484591762742773e-11, 2.471357450320361e-12, 2.7012892057857038e-15]}}, "num_edges": 2, "completed": true, "search_time": 26.3687424659729, "execute_time": 14.65224313735962, "total_time": 41.02098560333252, "avg_pred_error": 0.0}}, "search_time": 44.37122201919556, "execute_time": 18.198471546173096, "total_time": 62.56969356536865}, "subtask_1": {"obj_name": "pointRobot-vel-v7", "target_state_pos_2d": [-0.7054140514931624, 1.424847102768939, 0.0], "completed": true, "num_hypotheses": 1, "hypotheses": {"hypothesis_1": {"edges": {"edge_0": {"status": "edge:completed", "verb": "identify"}, "edge_1": {"status": "edge:completed", "verb": "driving", "controller_type": "MPPI", "final_pose_error": null, "avg_pred_error": 0.0, "max_pred_error": 0.0, "min_pred_error": 0.0, "pred_error": [0.0, 6.701329720092965e-13, 7.32410687763558e-15, 5.729138081077206e-14, 7.994099194528059e-14, 4.1167668574540914e-13, 1.9762169427976002e-13, 4.667390799870663e-13, 2.930996354703079e-13, 2.7444856886548463e-13, 7.012171787561927e-13, 4.891660789010818e-13, 8.926883528490182e-14, 4.77621248495828e-13, 1.12105041350968e-14, 2.8599483029915173e-13, 1.1843861099968218e-12, 5.13811407710579e-13, 6.787909383340278e-13, 4.953815633512127e-13, 1.3911054626160788e-14, 1.0436096431476471e-14, 1.4130832128153976e-14, 1.0235750533041807e-14, 1.0438458340849585e-14, 1.0235750533041807e-14]}}, "num_edges": 2, "completed": true, "search_time": 1.0676443576812744, "execute_time": 2.3311257362365723, "total_time": 3.3987700939178467, "avg_pred_error": 0.0}}, "search_time": 1.0676443576812744, "execute_time": 2.3311257362365723, "total_time": 3.3987700939178467}, "subtask_2": {"obj_name": "pointRobot-vel-v7", "target_state_pos_2d": [-2.9000456604924687, 2.2477181263342034, 0.0], "completed": true, "num_hypotheses": 1, "hypotheses": {"hypothesis_1": {"edges": {"edge_0": {"status": "edge:completed", "verb": "identify"}, "edge_1": {"status": "edge:completed", "verb": "driving", "controller_type": "MPC_2th_order", "final_pose_error": null, "avg_pred_error": 0.0, "max_pred_error": 0.0, "min_pred_error": 0.0, "pred_error": [0.0, 7.727152256375927e-13, 2.3481282586748387e-14, 2.367552226951369e-14, 2.367557107759329e-14, 2.398081733190338e-14, 2.3871408671155025e-14, 9.519607583607647e-13, 1.1950441101205236e-12, 6.211698442875477e-13, 1.9684317627562972e-13, 3.3473240762937275e-13, 1.8129945391464142e-13, 5.747624625291057e-13, 4.904966108091966e-13, 2.0039525594484076e-13, 4.141224895470839e-14, 3.2239507942692045e-15, 1.371127233342913e-13, 7.964739998005434e-13, 1.1095569255256796e-12, 2.3537137251392733e-14, 2.509113630344e-14, 2.4868996976776134e-14, 2.1094255728117185e-14, 6.019629253914972e-13, 1.8385296639914946e-13, 1.0811351902869577e-12, 8.792966709861035e-13, 3.728129753573859e-13, 6.787903776843599e-13, 2.531332843024423e-14, 2.5979218776228663e-14, 2.5758669579165892e-14, 2.3758837576365584e-14, 1.1004530676088538e-12, 8.946180508013896e-13, 2.4889060885787627e-14, 2.3095040712113947e-14, 2.531405882256623e-14, 2.3553480243833958e-14, 2.2211398302543548e-14, 2.176745063506552e-14, 2.8427129924377134e-14, 2.0432930139561984e-14, 2.3178946918746878e-14, 2.1761504133802164e-14, 2.2718103953473912e-14, 1.790180836524724e-14, 1.778575899402738e-14, 1.7831439891681324e-14, 2.2275401441590598e-14, 2.5328662245981092e-14, 1.9142254059414216e-14, 2.541028632116132e-14, 1.8663638269685067e-14, 2.4046518324426962e-14, 2.3997259443764378e-14, 1.9224498279436163e-14, 2.0062808300161304e-14, 2.5321848363122183e-14, 2.3553480243833958e-14, 2.0003742004269058e-14, 2.664905307745879e-14]}}, "num_edges": 2, "completed": true, "search_time": 9.409897327423096, "execute_time": 4.646991014480591, "total_time": 14.056888341903687, "avg_pred_error": 0.0}}, "search_time": 9.409897327423096, "execute_time": 4.646991014480591, "total_time": 14.056888341903687}}, "total_time": 80.02535200119019, "execute_time": 25.17658829689026, "search_time": 54.84876370429993, "hypothesis_success_ratio": 1.0, "total_avg_prediction_error": NaN}