{"completed": true, "subtasks": {"subtask_0": {"obj_name": "pointRobot-vel-v7", "target_state_pos_2d": [-2.536345466728694, 5.0085430008581495, 0.0], "completed": true, "num_hypotheses": 1, "hypotheses": {"hypothesis_1": {"edges": {"edge_0": {"status": "edge:completed", "verb": "identify"}, "edge_1": {"status": "edge:completed", "verb": "driving", "controller_type": "MPC_2th_order", "final_pose_error": null, "avg_pred_error": 0.0, "max_pred_error": 0.0, "min_pred_error": 0.0, "pred_error": [0.0, 4.091210409618163e-13, 1.4322496663622394e-13, 6.74684870526134e-13, 5.958568628051042e-13, 2.9499160605309886e-13, 1.0647872309064534e-13, 3.1087037695835796e-14, 7.056687937132857e-15, 3.1401849173675502e-15, 6.141450319825084e-15, 5.407139474782739e-15, 3.6418022968069345e-15, 1.790180836524724e-15, 2.886579864025407e-15, 1.616509124176106e-15, 1.790180836524724e-15, 2.0471501066083613e-15, 2.2315206618374916e-15, 1.790180836524724e-15, 2.482534153247273e-15, 2.1065000811460206e-15, 1.2947314098277875e-15, 2.482534153247273e-15, 2.401779625492033e-15, 2.2644195468014703e-15, 4.051933808678556e-15, 2.094764613337708e-15, 4.021398830883446e-15, 2.8435583831733384e-15, 1.4043333874306805e-15, 3.0847422370805075e-15, 3.4755478145461824e-15, 8.881784197001252e-16, 1.897149936107019e-15, 3.1401849173675502e-15, 2.589462819655575e-15, 4.869818370658876e-15, 4.189529226675416e-15, 2.5121479338940403e-15, 3.1165445441279525e-15, 4.076197102228689e-15, 2.8435583831733384e-15, 3.3820826609804605e-15, 2.3603665272841412e-15, 3.3820826609804605e-15, 2.318213734067276e-15, 1.831026719408895e-15, 2.220446049250313e-15, 3.8635920771428546e-13, 1.2079246916415944e-13, 5.604433979692545e-13, 4.996027788945013e-13, 2.478098370356622e-13, 9.237482563867542e-14, 8.215669586061438e-13, 2.5337420259966773e-14, 7.8515286277963e-13, 1.4468427990372174e-12, 1.5414352466728411e-12, 2.448941614645548e-14, 2.732141342546872e-14, 2.6826076134758657e-14, 5.302471657157379e-13, 5.391272272028167e-13, 2.8435583831733384e-14, 2.934015103612163e-14, 8.775274703623487e-13, 8.029177126388739e-13, 8.624285631366621e-13, 1.5258915590123573e-12, 9.485762154937432e-13, 3.997002723799242e-13, 1.279046311425026e-13, 1.0933617039991484e-13]}}, "num_edges": 2, "completed": true, "search_time": 1.1994001865386963, "execute_time": 5.505692005157471, "total_time": 6.705092191696167, "avg_pred_error": 0.0}}, "search_time": 1.1994001865386963, "execute_time": 5.505692005157471, "total_time": 6.705092191696167}, "subtask_1": {"obj_name": "pointRobot-vel-v7", "target_state_pos_2d": [-1.538714929696535, 0.3383432707051107, 0.0], "completed": true, "num_hypotheses": 1, "hypotheses": {"hypothesis_1": {"edges": {"edge_0": {"status": "edge:completed", "verb": "identify"}, "edge_1": {"status": "edge:completed", "verb": "driving", "controller_type": "MPC_2th_order", "final_pose_error": null, "avg_pred_error": 0.0, "max_pred_error": 0.0, "min_pred_error": 0.0, "pred_error": [0.0, 5.249157472614272e-13, 2.583458204855562e-14, 2.8065594842496753e-14, 2.932334201094587e-14, 2.2736543535740965e-14, 8.126857110728565e-13, 1.391776451585081e-12, 8.353332497907302e-13, 3.2596632020338195e-13, 9.326534230477076e-14, 2.140975221108325e-14, 2.6645352591003757e-15, 2.7012892057857038e-15, 4.468561475845092e-15, 1.4895204919483639e-15, 4.468561475845092e-15, 2.1868857395626282e-15, 2.0471501066083613e-15, 1.2947314098277875e-15, 7.021666937153402e-16, 2.401779625492033e-15, 1.9100999153570945e-15, 1.88411095042053e-15, 1.4043333874306805e-15, 1.1957467920563633e-15, 1.9984014443252818e-15, 1.897149936107019e-15, 2.1868857395626282e-15, 2.220446049250313e-16, 2.3603665272841412e-15, 2.9873046363423827e-15, 2.531698018113677e-15, 1.3506446028928519e-15, 4.965068306494546e-16, 3.954638725093173e-14, 9.42055475210265e-16, 6.636311115694607e-15, 9.537584764147468e-15, 8.14331749627517e-15, 5.6664895687563036e-15]}}, "num_edges": 2, "completed": true, "search_time": 1.3345580101013184, "execute_time": 3.0142054557800293, "total_time": 4.348763465881348, "avg_pred_error": 0.0}}, "search_time": 1.3345580101013184, "execute_time": 3.0142054557800293, "total_time": 4.348763465881348}, "subtask_2": {"obj_name": "pointRobot-vel-v7", "target_state_pos_2d": [-1.192064092897135, 3.1896736644062966, 0.0], "completed": true, "num_hypotheses": 1, "hypotheses": {"hypothesis_1": {"edges": {"edge_0": {"status": "edge:completed", "verb": "identify"}, "edge_1": {"status": "edge:completed", "verb": "driving", "controller_type": "MPC_2th_order", "final_pose_error": null, "avg_pred_error": 0.0, "max_pred_error": 0.0, "min_pred_error": 0.0, "pred_error": [0.0, 6.646627692674656e-13, 2.34259689041383e-14, 2.35928270310938e-14, 2.3814542670049284e-14, 2.3597528566540687e-14, 2.387502283283332e-14, 2.3759356365091403e-14, 2.3759032123465263e-14, 2.4091839634365897e-14, 2.4982238401437553e-14, 2.40065031828987e-14, 2.4647201195640846e-14, 2.4766933269332257e-14, 2.5092022835545166e-14, 2.5210864652504445e-14, 2.4986185198476506e-14, 2.5776547933616738e-14, 7.621682357829332e-13, 1.3302701361497557e-12, 7.882598799028844e-13, 2.917720183003453e-13, 7.640948150162573e-14, 1.2121276483828486e-14, 4.965068306494546e-16, 2.2644195468014703e-15, 1.6910413304902302e-15, 2.094764613337708e-15, 7.021666937153402e-16, 9.930136612989092e-16, 1.790180836524724e-15, 2.531698018113677e-15, 1.1102230246251565e-15, 1.5700924586837751e-15, 8.005932084973442e-16, 1.9860273225978185e-15, 2.710399819191012e-15, 1.6011864169946884e-15, 4.076197102228689e-15, 2.673771110915334e-15, 1.7763568394002505e-15, 3.580361673049448e-15, 6.661338147750939e-16, 2.5358281331376475e-13, 1.1147192053437335e-13, 5.244695448469503e-13, 4.565271636599418e-13, 2.2071244898791006e-13, 1.4699369616768058e-13, 2.9794547108598915e-14, 1.2213442338610763e-13, 9.193960582075618e-14, 4.178216345827606e-14]}}, "num_edges": 2, "completed": true, "search_time": 2.733894109725952, "execute_time": 3.8692281246185303, "total_time": 6.603122234344482, "avg_pred_error": 0.0}}, "search_time": 2.733894109725952, "execute_time": 3.8692281246185303, "total_time": 6.603122234344482}}, "total_time": 17.656977891921997, "execute_time": 12.38912558555603, "search_time": 5.267852306365967, "hypothesis_success_ratio": 1.0, "total_avg_prediction_error": 0.0}