{"completed": true, "subtasks": {"subtask_0": {"obj_name": "pointRobot-vel-v7", "target_state_pos_2d": [3, 0, 0], "completed": true, "num_hypotheses": 1, "hypotheses": {"hypothesis_1": {"edges": {"edge_0": {"status": "edge:completed", "verb": "identify"}, "edge_1": {"status": "edge:completed", "verb": "driving", "controller_type": "MPC_2th_order", "final_pose_error": null, "avg_pred_error": 0.0472752628, "max_pred_error": 0.0562986937, "min_pred_error": 0.0, "pred_error": [0.0, 1.866736061462375e-14, 0.056048791108133135, 0.05629869369975946, 0.054446585193805706, 0.0540915755096899, 0.05458014424579467, 0.03921550709238891, 0.05402007510602364, 0.04316462701694836, 0.05413069977087586, 0.04489205848842174, 0.054000089369185635, 0.05402347603568477, 0.04316308685723238, 0.054004137285995034, 0.054001225595278285, 0.04246033886622556, 0.05400376008936261, 0.054000148035858064, 0.04218158944071825, 0.05400138807511088, 0.054000452161547474, 0.042072131276546826, 0.038949191557638194, 0.0540002524376592, 0.0540000366758662, 0.048666403603463346, 0.054000067484601365, 0.04706493327695494, 0.056051682897234986]}}, "num_edges": 2, "completed": true, "search_time": 1.5386252403259277, "execute_time": 3.6413629055023193, "total_time": 5.179988145828247, "avg_pred_error": 0.04727526}}, "search_time": 1.5386252403259277, "execute_time": 3.6413629055023193, "total_time": 5.179988145828247}}, "total_time": 5.179988145828247, "execute_time": 3.6413629055023193, "search_time": 1.5386252403259277, "hypothesis_success_ratio": 1.0, "total_avg_prediction_error": 0.04727526}