{"completed": true, "subtasks": {"subtask_0": {"obj_name": "pointRobot-vel-v7", "target_state_pos_2d": [-3.599299524634536, -1.5961442701917739, 0.0], "completed": true, "num_hypotheses": 1, "hypotheses": {"hypothesis_1": {"edges": {"edge_0": {"status": "edge:completed", "verb": "identify"}, "edge_1": {"status": "edge:completed", "verb": "driving", "controller_type": "MPC_2th_order", "final_pose_error": null, "avg_pred_error": 0.0, "max_pred_error": 0.0, "min_pred_error": 0.0, "pred_error": [0.0, 1.8041159130690335e-12, 2.100435162523459e-14, 2.2631127738465485e-14, 2.222221696114844e-14, 2.3419390903833355e-14, 2.272705444278034e-14, 2.1773961606419445e-14, 2.1938917150798804e-14, 1.0440552435064159e-12, 8.393586819607742e-13, 5.236000113743416e-13, 2.3515771187863035e-14, 8.626474052363006e-13, 9.472507166462588e-13, 6.819002831897906e-13, 2.1541760083527534e-14, 2.132206370031251e-14, 1.0060856730949285e-12, 9.41025140459726e-13, 3.0533749154283843e-13]}}, "num_edges": 2, "completed": true, "search_time": 0.6094658374786377, "execute_time": 1.3696157932281494, "total_time": 1.979081630706787, "avg_pred_error": 0.0}}, "search_time": 0.6094658374786377, "execute_time": 1.3696157932281494, "total_time": 1.979081630706787}, "subtask_1": {"obj_name": "pointRobot-vel-v7", "target_state_pos_2d": [-4.551263081040325, -0.4417668555159793, 0.0], "completed": true, "num_hypotheses": 1, "hypotheses": {"hypothesis_1": {"edges": {"edge_0": {"status": "edge:completed", "verb": "identify"}, "edge_1": {"status": "edge:completed", "verb": "driving", "controller_type": "MPPI", "final_pose_error": null, "avg_pred_error": 0.0, "max_pred_error": 0.0, "min_pred_error": 0.0, "pred_error": [0.0, 3.105899709381736e-13, 1.857979460831097e-13, 1.0205228077672811e-13, 1.3243862373611506e-12, 1.1867812110304496e-12, 2.612970269549504e-13, 2.9760066222479013e-13, 2.129938867145655e-12, 1.1690161662252105e-12, 1.5507618099143675e-12, 3.281317704871544e-13, 6.831849757158163e-13, 6.050757798977913e-13, 5.255468236044295e-12, 1.2357834363281248e-12, 1.6240750065194842e-12, 1.0911587789802997e-12, 1.5718282611266487e-12, 4.2126670679417104e-13, 2.5837459461318155e-14, 3.1696868597431268e-12, 1.37719448070903e-12, 7.774132102954621e-14, 4.3882374007914287e-13, 1.4759902757911395e-12, 1.4488434972811223e-12, 2.963409426933785e-12, 1.230798372584606e-12]}}, "num_edges": 2, "completed": true, "search_time": 0.5578563213348389, "execute_time": 1.9714703559875488, "total_time": 2.5293266773223877, "avg_pred_error": 0.0}}, "search_time": 0.5578563213348389, "execute_time": 1.9714703559875488, "total_time": 2.5293266773223877}, "subtask_2": {"obj_name": "pointRobot-vel-v7", "target_state_pos_2d": [-3.580936373499435, 0.5337821061999481, 0.0], "completed": true, "num_hypotheses": 1, "hypotheses": {"hypothesis_1": {"edges": {"edge_0": {"status": "edge:completed", "verb": "identify"}, "edge_1": {"status": "edge:completed", "verb": "driving", "controller_type": "MPPI", "final_pose_error": null, "avg_pred_error": 0.0, "max_pred_error": 0.0, "min_pred_error": 0.0, "pred_error": [0.0, 7.854036865321816e-12, 2.1591547994221874e-12, 9.982049912733087e-13, 9.027596971616779e-15, 2.6347506458504342e-14, 1.5995330468494854e-14, 1.7599557581659492e-14, 1.4089861483670374e-14, 1.3081915521311056e-13, 4.4475551341308355e-13, 5.487416526332184e-13, 2.1137189337771264e-12, 1.4316048357547592e-12, 6.839321136829885e-13, 6.189219391265386e-13, 3.4781582052751125e-15, 5.5575645479046825e-14, 9.612733692103393e-13, 3.3834112250497017e-13, 3.1213922311768057e-13, 1.0937155369002278e-12, 1.1281809038994884e-12, 2.034604859333934e-14, 1.9068080447937064e-14, 1.8386262025719168e-14, 9.901901185901925e-14, 1.2477731636066615e-13, 6.9209405763137476e-15, 3.507706954660615e-14, 7.775525243622074e-15, 1.4249172496211112e-13, 2.469039670989e-12, 1.075529128123803e-12, 6.8967729856759e-14, 1.730741248810162e-12, 4.580511254912717e-13, 9.736033704336122e-13, 1.7000076911744512e-13, 5.33489762953443e-14, 8.787715518370118e-13, 1.6583063642376602e-12, 1.2186364850415984e-12, 8.254484389560854e-15, 7.13784442542777e-13, 2.8667483863028646e-13, 3.008552404777647e-12, 2.6785050845413337e-14, 9.028207851124528e-14, 2.888949914418995e-12, 7.619077485812623e-13, 9.733438458030344e-13, 5.088152121857092e-13, 5.0710317852189e-13, 1.331454710780644e-12, 6.576390676712714e-13, 6.376844054372732e-12, 2.67242083133396e-12, 2.935987509075704e-12, 9.181481590015397e-14, 1.1965620167723566e-12, 1.485979666276861e-12, 2.808619957644005e-13, 4.129811788839594e-13, 8.90402852576249e-13, 4.47891943868839e-13, 9.443280535914778e-13, 1.0204972264599363e-13, 5.021912510861113e-13, 5.952948399435814e-13, 6.205459174452286e-13, 5.91033233407092e-13, 9.675896194687294e-13, 5.591932837144444e-13, 5.643959270695781e-13, 5.811974529449144e-13, 1.0635151083172112e-13, 2.2425680659236168e-14, 3.7024656624454177e-13, 5.920093325161802e-13, 1.7487907899511982e-13, 7.975153265259616e-13, 1.5542630914604385e-13, 4.18426850038646e-13, 1.448290293104034e-12, 1.9202727854236117e-12, 3.5413428009365987e-14, 1.5151224030227117e-12, 1.470961714824902e-14, 7.97596584080245e-13, 3.10945916579671e-12, 9.699545801282913e-13, 1.070033319748902e-12, 2.40113521611181e-12, 1.23912119104347e-12]}}, "num_edges": 2, "completed": true, "search_time": 1.0738494396209717, "execute_time": 6.159263849258423, "total_time": 7.2331132888793945, "avg_pred_error": 0.0}}, "search_time": 1.0738494396209717, "execute_time": 6.159263849258423, "total_time": 7.2331132888793945}}, "total_time": 11.74152159690857, "execute_time": 9.500349998474121, "search_time": 2.2411715984344482, "hypothesis_success_ratio": 1.0, "total_avg_prediction_error": 0.0}