{"completed": true, "subtasks": {"subtask_0": {"obj_name": "pointRobot-vel-v7", "target_state_pos_2d": [4.040847527365522, -1.7216653084289324, 0.0], "completed": true, "num_hypotheses": 1, "hypotheses": {"hypothesis_1": {"edges": {"edge_0": {"status": "edge:completed", "verb": "identify"}, "edge_1": {"status": "edge:completed", "verb": "driving", "controller_type": "MPPI", "final_pose_error": null, "avg_pred_error": 0.0, "max_pred_error": 0.0, "min_pred_error": 0.0, "pred_error": [0.0, 7.074346688417271e-13, 2.5499602816293145e-12, 6.839550546608015e-14, 5.546818229262175e-13, 5.573432816370128e-13, 1.9173136984671848e-14, 2.222221696114844e-14, 1.5721008924548798e-13, 1.9584787301400198e-13, 1.0507226721738612e-12, 8.717489287726525e-13, 1.2425635931171198e-12, 9.245964011456398e-13, 3.089087735845992e-12, 2.2057939663773044e-12, 3.1747968671699273e-12, 1.0937925352292398e-12, 8.957283766137346e-13, 3.3619430392777693e-13, 3.1796911472287836e-13, 1.2434577177193496e-13, 4.0234580445234397e-13, 5.062618238856763e-12, 2.8009322916527208e-14, 4.2232883856740955e-13, 1.2292440668335569e-12, 6.00865993916084e-13, 3.946620907878815e-12, 7.811609990240596e-13, 6.217248937900877e-15, 3.477816819399947e-14, 1.4546887564889487e-14, 1.159075900388823e-12, 8.446581441054679e-13, 1.8531868799839634e-12, 7.376327122858774e-13, 1.6244805148694735e-12, 6.176832333892043e-14, 1.5765417138796147e-13, 1.2391362263467274e-13, 7.642980441661219e-14, 1.3412670481140276e-13, 3.425704423845007e-12, 1.7110778001956682e-12, 1.2716779685529958e-14, 9.28188944188896e-14, 1.2791002765336182e-13, 2.063683322690784e-12, 1.4930281876974515e-12, 3.1931527390978155e-13, 4.972024399913071e-12, 1.1897232814985631e-12, 2.0241593979421743e-12, 1.759400520656752e-13, 4.091403530828094e-12, 1.013652469562605e-14, 2.2164500916525238e-13, 2.4731487582194788e-12, 5.555903891963062e-13, 4.146906967646368e-12, 3.0819853873534243e-12, 3.4197752733040074e-13, 4.9178442306953384e-12, 1.2598964286610227e-12, 3.549610499184445e-12, 1.6862181916375726e-12, 6.1941603743686675e-12, 3.2774265080916625e-13, 3.3484337024292217e-12, 1.1878452494331625e-13, 3.899993059082681e-12, 8.384863647683404e-12, 8.267048184955977e-12, 1.3336238538250321e-12, 1.7959145544693784e-12, 9.80422192555311e-12, 5.562661726209027e-12]}}, "num_edges": 2, "completed": true, "search_time": 2.1457674503326416, "execute_time": 5.144191265106201, "total_time": 7.289958715438843, "avg_pred_error": 0.0}}, "search_time": 2.1457674503326416, "execute_time": 5.144191265106201, "total_time": 7.289958715438843}, "subtask_1": {"obj_name": "pointRobot-vel-v7", "target_state_pos_2d": [2.1675139635276217, -3.9981165195286716, 0.0], "completed": true, "num_hypotheses": 1, "hypotheses": {"hypothesis_1": {"edges": {"edge_0": {"status": "edge:completed", "verb": "identify"}, "edge_1": {"status": "edge:completed", "verb": "driving", "controller_type": "MPPI", "final_pose_error": null, "avg_pred_error": 0.0, "max_pred_error": 0.0, "min_pred_error": 0.0, "pred_error": [0.0, 7.102372184281908e-13, 2.3081328425362546e-12, 6.510708699466721e-12, 1.4134566056127122e-14, 1.483677663050746e-14, 7.224140794880992e-14, 9.324049703739179e-14, 1.094245748259904e-14, 7.104906943184203e-13, 4.4587352837712046e-13, 7.28550816809042e-15, 1.2853798556268754e-14, 8.230911152073345e-14, 5.346946289176126e-12, 3.5059195783791865e-12, 4.867250155119538e-13, 1.558698184787802e-12, 1.3944471903954995e-13, 4.444778234047577e-12, 3.403946690363228e-13, 9.692653951036826e-14, 3.0777614222608924e-12, 3.726003744820541e-13, 2.322586737339611e-12, 5.311751057580649e-12, 5.816348488734474e-12, 2.3455685624852566e-12, 2.1488368477173266e-12, 4.27657929837442e-12, 2.8923491798188897e-13, 1.5896223512663654e-12, 6.08180821431425e-13, 6.309620259328475e-12, 2.1409544952072205e-12, 5.704369116515456e-13, 4.48086190990541e-12, 5.944175546355288e-13, 1.2043702646127427e-12, 4.333644759107551e-12, 8.033584853175308e-13, 5.592193392669997e-12, 1.7919880070089281e-13, 2.3141490429716596e-12, 7.24980531606281e-13, 5.4576347961480925e-12, 5.670576233493714e-12, 2.8422021678914463e-13, 8.170797480645978e-12, 1.6431322368778053e-12, 8.402242960253235e-13, 2.2137868936863693e-12, 1.5365487302559565e-12, 1.3629123896561501e-12, 4.4675926308216666e-13, 1.1883867913909907e-12, 5.197842327427929e-12, 8.939880897428318e-15, 3.377324718275538e-13, 2.475798340629616e-12, 3.794299872214038e-15, 4.958758660572694e-14, 2.91330983604482e-13, 3.2871502511764923e-12, 9.99210590763015e-14, 2.1613858797578883e-12, 6.702639165143233e-12, 4.867317010711134e-13, 1.5190188108682065e-14, 3.141487101868176e-12, 2.633005262256396e-12, 3.0544471672305023e-12, 3.56169513249788e-13, 2.7800552056967894e-13, 4.550138824292109e-12, 7.112224222775484e-14, 5.818013568730738e-12, 5.5542251856382825e-12, 5.365950338995594e-15, 7.673893670650657e-13, 4.942176218823604e-14, 1.037397051813007e-12, 4.0279503359084214e-13, 9.152717400011444e-13, 1.381295923548897e-13, 1.3269412342654943e-12, 2.451376460916236e-13, 1.7723666572228586e-13, 3.5527386587307353e-13, 5.786543751724705e-13, 2.677416203268207e-12, 2.6196823994697495e-12, 1.8608662694034235e-13, 1.262990415486183e-12, 8.273424886565439e-13, 3.4372533530316326e-13, 1.635141355400721e-12, 2.872369043639921e-12, 5.563106666209653e-12, 1.5943977756741603e-14, 6.31450449047409e-12, 7.44737689658292e-12, 2.915001573455811e-12, 8.816059542008388e-12, 3.486878073824613e-14, 4.604317013390805e-12, 1.156854522603755e-12, 2.280399649270052e-12, 2.451376460916236e-13, 2.24087485696864e-12]}}, "num_edges": 2, "completed": true, "search_time": 0.5478334426879883, "execute_time": 7.300355434417725, "total_time": 7.848188877105713, "avg_pred_error": 0.0}}, "search_time": 0.5478334426879883, "execute_time": 7.300355434417725, "total_time": 7.848188877105713}, "subtask_2": {"obj_name": "pointRobot-vel-v7", "target_state_pos_2d": [3.0940957253967216, 0.06495325053081036, 0.0], "completed": true, "num_hypotheses": 1, "hypotheses": {"hypothesis_1": {"edges": {"edge_0": {"status": "edge:completed", "verb": "identify"}, "edge_1": {"status": "edge:completed", "verb": "driving", "controller_type": "MPC_2th_order", "final_pose_error": null, "avg_pred_error": 0.0, "max_pred_error": 0.0, "min_pred_error": 0.0, "pred_error": [0.0, 4.943184750416663e-12, 2.51604905322843e-14, 2.5250695934272962e-14, 2.533414491190135e-14, 2.5438227325098197e-14, 2.5565054866899582e-14, 2.5666968550552838e-14, 2.5757174171303632e-14, 6.919812747236318e-13, 1.593205121635439e-12, 1.5110068586591183e-12, 2.615389882064319e-14, 2.624441309310401e-14, 2.637620981458441e-14, 1.5248220808872384e-12, 1.1950375425410215e-12, 2.666361965350994e-14, 2.6746184151621633e-14, 2.6867397195928788e-14, 1.0799782350296152e-12, 9.44314489072545e-13, 2.718028514754283e-14, 2.737393557145977e-14, 2.7370600477733448e-14, 7.623095037017222e-13, 1.6990580836405156e-12, 1.6757360712995024e-12, 2.7799741230882773e-14, 2.7916232635598903e-14, 2.7960330458271166e-14, 1.6281426106932175e-12, 1.296075043683031e-12, 2.8304034021801884e-14, 2.8415739762293074e-14, 2.845986890591538e-14, 1.151947963282214e-12, 1.016639714443004e-12, 2.8823443649558074e-14, 1.4441102781242372e-13, 1.9282008592582625e-12, 1.5786578719233967e-12, 2.92043668401187e-14, 7.748544406166929e-13, 1.8300305308235352e-12, 1.8421548572182698e-12, 2.9504176879413535e-14, 2.9784805023191444e-14, 3.000746470543366e-14, 1.716995520937792e-12, 1.3940030393502668e-12, 3.0102662026781127e-14, 3.021112489366642e-14, 3.0543961127934914e-14, 3.0361098361264803e-14, 1.7718346840778892e-12]}}, "num_edges": 2, "completed": true, "search_time": 1.1244356632232666, "execute_time": 3.4829742908477783, "total_time": 4.607409954071045, "avg_pred_error": 0.0}}, "search_time": 1.1244356632232666, "execute_time": 3.4829742908477783, "total_time": 4.607409954071045}}, "total_time": 19.7455575466156, "execute_time": 15.927520990371704, "search_time": 3.8180365562438965,