{"completed": true, "subtasks": {"subtask_0": {"obj_name": "pointRobot-vel-v7", "target_state_pos_2d": [-3.3324691204231027, 2.34980764061088, 0.0], "completed": true, "num_hypotheses": 1, "hypotheses": {"hypothesis_1": {"edges": {"edge_0": {"status": "edge:completed", "verb": "identify"}, "edge_1": {"status": "edge:completed", "verb": "driving", "controller_type": "MPC_2th_order", "final_pose_error": null, "avg_pred_error": 4.4997e-06, "max_pred_error": 0.0001718683, "min_pred_error": 0.0, "pred_error": [0.0, 2.6606601366552613e-09, 1.4237722119323732e-11, 1.4234391458910752e-11, 5.297545735454213e-10, 8.201687107245749e-10, 6.78836986622855e-10, 4.2393399902013424e-10, 2.0458645888522367e-10, 6.397649077172218e-11, 6.026068864421428e-12, 1.105246338895061e-09, 9.888301288921103e-11, 2.9385111011548683e-10, 3.799172088037688e-10, 2.1477331024766608e-10, 3.648660262822442e-10, 3.096844447548449e-10, 2.3338379007143813e-09, 5.757644362352076e-11, 7.553964537221674e-10, 8.350371193124754e-10, 6.131968058324121e-10, 9.282079965765146e-10, 6.546285736047955e-11, 4.041507406518316e-10, 4.050760837875848e-10, 2.8378399630639037e-10, 1.547942884989315e-10, 1.2252865388982936e-09, 7.404410420829333e-11, 3.6349045995799306e-10, 1.7205805669109415e-09, 1.4234724511963259e-11, 1.4234946617180722e-11, 2.8657298756229466e-10, 8.042728705268308e-10, 7.501873566800583e-10, 1.879020605779842e-09, 1.4233503957689604e-11, 3.600340026179342e-10, 8.096165959968605e-10, 1.2015237693694926e-09, 1.2579049548569822e-11, 6.278204622844896e-10, 6.480311842699796e-10, 1.1757706129656185e-11, 2.0642509925959182e-10, 8.004557017294871e-10, 1.0351874912905564e-09, 1.1765033526055403e-11, 4.2493275566816183e-10, 4.458122759898105e-10, 1.1768142552690509e-11, 6.840128465943142e-11, 7.912774879871209e-10, 5.640730105243209e-10, 4.463041323674983e-15, 3.614624287906422e-15, 2.2315206618374916e-15, 0.0001718683283415607, 0.0001097222959840355, 6.3613980216819455e-06, 5.34636779310885e-11]}}, "num_edges": 2, "completed": true, "search_time": 1.705129861831665, "execute_time": 4.167011499404907, "total_time": 5.872141361236572, "avg_pred_error": 4.5e-06}}, "search_time": 1.705129861831665, "execute_time": 4.167011499404907, "total_time": 5.872141361236572}, "subtask_1": {"obj_name": "pointRobot-vel-v7", "target_state_pos_2d": [-1.044289256448906, -1.209790685102059, 0.0], "completed": true, "num_hypotheses": 1, "hypotheses": {"hypothesis_1": {"edges": {"edge_0": {"status": "edge:completed", "verb": "identify"}, "edge_1": {"status": "edge:completed", "verb": "driving", "controller_type": "MPPI", "final_pose_error": null, "avg_pred_error": 5e-10, "max_pred_error": 3.3e-09, "min_pred_error": 0.0, "pred_error": [0.0, 5.1101361007593785e-12, 3.5176883630999456e-10, 4.911324680377375e-10, 3.5545344670313865e-11, 4.904787687914176e-11, 1.6011864169946884e-15, 3.2023728339893768e-15, 3.580361673049448e-15, 2.7012892057857038e-15, 3.820199830714189e-15, 4.3737714791252564e-15, 5.687116766346677e-15, 3.66205343881779e-15, 1.3322676295501878e-15, 1.3322676295501878e-15, 3.552713678800501e-15, 3.233018248352212e-15, 4.213000162292041e-15, 4.572178254219406e-15, 2.808666774861361e-15, 4.021398830883446e-15, 1.4043333874306805e-15, 3.580361673049448e-15, 2.220446049250313e-15, 4.5288390936029406e-15, 1.9860273225978185e-15, 1.88411095042053e-15, 1.6011864169946884e-15, 3.66205343881779e-15, 2.808666774861361e-15, 1.9860273225978185e-15, 3.233018248352212e-15, 3.552713678800501e-15, 1.9860273225978185e-15, 1.9860273225978185e-15, 3.580361673049448e-15, 1.2560739669470201e-15, 9.930136612989092e-16, 1.2560739669470201e-15, 4.7207330545682824e-15, 3.2023728339893768e-15, 4.189529226675416e-15, 1.831026719408895e-15, 6.2803698347351005e-15, 3.552713678800501e-15, 3.820199830714189e-15, 3.972054645195637e-15, 3.66205343881779e-15, 2.4602545832916027e-12, 1.3445422554937915e-10, 9.901857271362794e-12, 9.463985153719497e-12, 7.11413594700928e-10, 2.6456614677274053e-10, 4.712052970039783e-10, 4.310933832132391e-10, 1.5418200051044653e-10, 2.8639317361010365e-12, 2.587927649970432e-10, 1.7411183720671627e-11, 5.383491430429154e-10, 1.0339094025372738e-09, 4.2844172654381505e-10, 2.8165396681607985e-09, 3.277174975835539e-09, 2.7470026254592733e-11, 2.010014385012167e-11, 4.3107895031511994e-10, 2.095821294319496e-10, 7.42499173257501e-10, 9.279002011198753e-10, 1.5874745962211607e-09, 4.586508950415299e-10, 9.091136732330734e-10, 9.85573400669407e-10, 1.1049334780468332e-09, 8.778955341836423e-11, 3.2306646247284104e-10, 2.879305682822858e-10, 6.30291818737931e-10, 6.272331543052588e-10, 1.6683108228221537e-09, 1.1787022469179347e-09, 1.2284717687550024e-09, 1.7999968182636795e-09, 1.8206383067821516e-09, 5.791231938448323e-10, 4.6368620054758235e-10, 5.602918129465792e-11, 1.275279659651883e-09, 1.2780549951690139e-09, 5.166356232141135e-11, 1.4259038401386182e-11, 5.441092021566657e-11, 1.2417380457209323e-09, 2.6078694760712092e-11, 2.7485835829566006e-09, 1.1917611342227484e-09, 2.231987705769767e-09, 4.4227221884796455e-10, 1.0086165236344868e-09, 1.346555311698735e-09, 1.1466994020992644e-09, 9.003935375062679e-10, 8.661946715449216e-10, 2.2551271960937075e-10, 4.4848835756283754e-10, 1.3067080750773854e-10, 2.0427237679144523e-10, 1.0707901232365253e-10, 1.2545009475672941e-10, 4.16580769879734e-10, 2.42764253144415e-10, 4.1169045950084637e-10, 3.0037610176947386e-09, 3.0506386305972956e-09, 2.2387292020204595e-10, 5.993530116654813e-10, 2.1003665473547394e-10, 1.588729148238599e-11, 4.089317773294424e-10, 2.0416468515865935e-10, 4.178302148849034e-11, 2.7962476778639113e-10, 7.042904037748399e-10, 1.9825729946632505e-09, 2.5597155506319537e-09, 2.971451973371087e-10, 9.169354164846381e-10, 2.667794873900906e-10, 9.521827770801214e-11, 1.085284973001427e-09, 2.1504946712269913e-09, 4.978504275499187e-10, 1.0563328018686647e-11, 8.758993600839399e-12, 1.0746026291122592e-10, 8.371392468127937e-11, 2.896727080426012e-09, 2.050597025515811e-09]}}, "num_edges": 2, "completed": true, "search_time": 0.62217116355896, "execute_time": 9.650054931640625, "total_time": 10.272226095199585, "avg_pred_error": 0.0}}, "search_time": 0.62217116355896, "execute_time": 9.650054931640625, "total_time": 10.272226095199585}, "subtask_2": {"obj_name": "pointRobot-vel-v7", "target_state_pos_2d": [3.9098747208604046, -1.5291895964285451, 0.0], "completed": true, "num_hypotheses": 1, "hypotheses": {"hypothesis_1": {"edges": {"edge_0": {"status": "edge:completed", "verb": "identify"}, "edge_1": {"status": "edge:completed", "verb": "driving", "controller_type": "MPC_2th_order", "final_pose_error": null, "avg_pred_error": 0.0012190738, "max_pred_error": 0.0222219232, "min_pred_error": 0.0,