{"completed": true, "subtasks": {"subtask_0": {"obj_name": "pointRobot-vel-v7", "target_state_pos_2d": [-3.512701532516387, 0.2049053245787702, 0.0], "completed": true, "num_hypotheses": 1, "hypotheses": {"hypothesis_1": {"edges": {"edge_0": {"status": "edge:completed", "verb": "identify"}, "edge_1": {"status": "edge:completed", "verb": "driving", "controller_type": "MPPI", "final_pose_error": null, "avg_pred_error": 0.0, "max_pred_error": 0.0, "min_pred_error": 0.0, "pred_error": [0.0, 1.5605297361673453e-12, 3.925306560665964e-12, 1.1080097872149813e-12, 5.693251382485543e-13, 4.112460307706979e-13, 2.2115820998894246e-13, 3.408831117905331e-12, 1.0409485181243333e-12, 7.29816241245827e-12, 3.8592272187582854e-13, 2.7313797016121327e-13, 1.0684794694897194e-12, 3.4043881433942963e-12, 2.2368795100664607e-12, 8.970691076217511e-13, 5.893064885611117e-12, 4.199307662269689e-12, 3.5905052034057094e-13, 1.0973666743490215e-11, 1.4043333874306805e-15, 1.6793271050379139e-12, 4.9493538224070695e-14, 6.086614844184061e-14, 2.058396602660756e-13, 2.0921043147368656e-12, 3.222755426479204e-12, 2.442749019687093e-13, 1.1861636096149785e-12, 1.0856426950345468e-11, 2.4492969310222243e-13, 3.3981708949333386e-12, 7.996714414101093e-12, 2.2197810259914517e-12, 2.3379118630238117e-12, 4.458656020750559e-12, 2.337687667554383e-12, 1.161522204891135e-12, 1.4606094787081359e-12, 5.279111995077723e-12, 5.118251446632924e-13, 2.387647123525957e-12, 1.0647061959894926e-12, 3.1752875383423755e-13, 5.957562681770139e-13, 2.932129275223678e-13, 8.451795764595888e-12, 1.1760593338312122e-12, 9.260963808032843e-14, 3.972378379281924e-12, 8.386742304427465e-13, 1.4591715950772951e-12, 1.1728480107796746e-12, 8.786749285650281e-12, 1.3455903058456897e-13, 2.9554137249172464e-12, 5.593970172563402e-12, 7.327473308250788e-13, 1.261441732410773e-12, 2.450326604418849e-13, 7.560624014602534e-13, 1.5050183977010715e-12, 1.5753515241383084e-12, 9.39029259485637e-13, 3.693494423507259e-14, 7.84262676192041e-13, 9.500759480562726e-13, 2.3523447364656643e-12, 9.58181686212578e-13]}}, "num_edges": 2, "completed": true, "search_time": 0.5475552082061768, "execute_time": 4.728640079498291, "total_time": 5.276195287704468, "avg_pred_error": 0.0}}, "search_time": 0.5475552082061768, "execute_time": 4.728640079498291, "total_time": 5.276195287704468}, "subtask_1": {"obj_name": "pointRobot-vel-v7", "target_state_pos_2d": [-3.9180817284936067, 2.628679619853199, 0.0], "completed": true, "num_hypotheses": 1, "hypotheses": {"hypothesis_1": {"edges": {"edge_0": {"status": "edge:completed", "verb": "identify"}, "edge_1": {"status": "edge:completed", "verb": "driving", "controller_type": "MPC_2th_order", "final_pose_error": null, "avg_pred_error": 0.0, "max_pred_error": 0.0, "min_pred_error": 0.0, "pred_error": [0.0, 2.815525809341941e-13, 2.5776547933616738e-14, 3.19867565419136e-14, 9.325932882895121e-14, 1.7754686748652804e-12, 1.3180567795107903e-12, 5.537795229064507e-13, 1.5188110675944136e-13, 2.9754805573064274e-14, 2.094764613337708e-15, 1.1957467920563633e-15, 4.463041323674983e-15, 4.9164205652118054e-15, 2.094764613337708e-15, 4.577566798522237e-16, 1.4043333874306805e-15, 2.0380985511143445e-15, 9.930136612989092e-16, 6.280369834735101e-16, 1.897149936107019e-15, 4.47545209131181e-15, 3.580361673049448e-15, 2.434909185329438e-15, 1.5423711185402538e-15, 3.6905523389740094e-15, 9.930136612989092e-16, 4.002966042486721e-15, 8.005932084973442e-16, 4.010656666373001e-15, 3.3306690738754696e-16, 2.886579864025407e-15, 1.6011864169946884e-15, 3.722145839155691e-15, 4.453364592678439e-15, 2.3914935841127266e-15, 4.002966042486721e-15, 1.336885555457667e-15, 4.021398830883446e-15, 1.6011864169946884e-15, 2.8457249041605285e-15, 2.2452871135843694e-15, 1.9984014443252818e-15, 2.482534153247273e-16, 9.485749680535094e-16, 1.897149936107019e-15, 1.4217791915866692e-15, 1.6910413304902302e-15, 2.0014830212433605e-15, 2.434909185329438e-15, 3.1401849173675503e-16, 2.073901364696803e-13, 1.0547592028924822e-13, 5.05818207043981e-13, 4.369837965959043e-13, 2.0517029633394206e-13, 4.1255941373330824e-13, 4.7467714928543955e-15, 1.6746616027077919e-12, 3.4863831452177634e-14, 3.508375024391862e-14, 3.330743087921409e-14, 1.0068624607435656e-12, 1.6563429359886734e-12, 1.7451596995411402e-12, 3.342066366982326e-14, 1.0762507727055906e-12, 1.6731063338575183e-12, 1.7998942386414508e-12, 3.519477032981408e-14, 3.5416114485542494e-14, 3.502907592581271e-14, 1.7829085379251505e-12, 1.4063201363500777e-12, 3.5228375512987034e-14, 3.578795998316348e-14, 3.598673879062302e-14, 1.264564219032771e-12, 1.7359190106832238e-12, 1.9671170576066323e-12, 3.6609336596743305e-14, 3.669870714875684e-14, 3.693307743830595e-14, 1.9168303283024324e-12, 1.5180699483259872e-12, 3.682799881334461e-14, 6.499269861571067e-13, 1.9370628948585703e-12, 1.9131363675764563e-12, 3.7923664957157047e-14, 3.842863438277996e-14, 3.751699708319671e-14, 1.7277311255678643e-12, 1.4427354356296e-12, 3.7678457140785466e-14, 4.909504632591096e-13, 2.0435879556973646e-12, 1.9410037267904462e-12, 3.842398323869742e-14, 9.687807130731938e-13, 1.9884134539869233e-12, 1.3142856929055174e-12, 2.3347990207867042e-12, 3.8760619112617605e-14, 3.850601738909736e-14, 2.9712256449777766e-13, 2.1505049333081215e-12, 1.9377873890081507e-12, 4.202513123560849e-14, 9.214903538869214e-13, 2.0781171657105905e-12, 1.1370925897999299e-12, 9.723434662522561e-13, 1.3287155837861407e-12, 8.273401049338037e-13, 3.730518535746338e-13, 1.381374447845962e-13, 3.9142880491419e-14, 4.803559250984066e-15, 1.3944684045792483e-14, 1.4273168140722167e-14, 2.8423409408570354e-13, 7.768388458966724e-15, 4.803559250984065e-14, 6.307473947830357e-14, 5.695433295429594e-14]}}, "num_edges": 2, "completed": true, "search_time": 0.610375165939331, "execute_time": 8.157615661621094, "total_time": 8.767990827560425, "avg_pred_error": 0.0}}, "search_time": 0.610375165939331, "execute_time": 8.157615661621094, "total_time": 8.767990827560425}, "subtask_2": {"obj_name": "pointRobot-vel-v7", "target_state_pos_2d": [-0.5464205200484495, -4.383651233724751, 0.0], "completed": true, "num_hypotheses": 1, "hypotheses": {"hypothesis_1": {"edges": {"edge_0": {"status": "edge:completed", "verb": "identify"}, "edge_1": {"status": "edge:completed", "verb": "driving", "controller_type": "MPC_2th_order", "final_pose_error": null, "avg_pred_error": 0.0, "max_pred_error": 0.0, "min_pred_error": 0.0,